Thoi_Gian_Giay,Nhiet_Do_C
0,42.6
0.5,42.6
1,42.6
1.5,42.6
2,42.6
2.5,42.6
3,42.6
3.5,42.6
4,42.6
4.5,42.6
5,42.6
5.5,42.6
6,42.6
6.5,42.6
7,42.6
7.5,42.6
8,42.6
8.5,42.6
9,42.6
9.5,42.6
10,42.6
10.5,42.5
11,42.5
11.5,42.5
12,42.5
12.5,42.5
13,42.5
13.5,42.5
14,42.5
14.5,42.5
15,42.5
15.5,42.5
16,42.4
16.5,42.4
17,42.4
17.5,42.4
18,42.4
18.5,42.4
19,42.4
19.5,42.4
20,42.4
20.5,42.3
21,42.3
21.5,42.3
22,42.3
22.5,42.3
23,42.3
23.5,42.3
24,42.2
24.5,42.2
25,42.2
25.5,42.2
26,42.2
26.5,42.2
27,42.1
27.5,42.1
28,42.1
28.5,42.1
29,42.1
29.5,42.1
30,42
30.5,42
31,42
31.5,42
32,41.9
32.5,41.9
33,41.9
33.5,41.9
34,41.9
34.5,41.9
35,41.8
35.5,41.8
36,41.8
36.5,41.7
37,41.6
37.5,41.5
38,41.4
38.5,41.3
39,41.2
39.5,41.1
40,41
40.5,40.9
41,40.8
41.5,40.7
42,40.6
42.5,40.4
43,40.3
43.5,40.2
44,40.1
44.5,40
45,39.9
45.5,39.8
46,39.6
46.5,39.5
47,39.4
47.5,39.3
48,39.2
48.5,39.1
49,39
49.5,38.9
50,38.7
50.5,38.6
51,38.5
51.5,38.4
52,38.3
52.5,38.1
53,38
53.5,37.9
54,37.7
54.5,37.7
55,37.5
55.5,37.5
56,37.4
56.5,37.3
57,37.2
57.5,37
58,36.9
58.5,36.7
59,36.6
59.5,36.5
60,36.4
60.5,36.3
61,36.2
61.5,36.1
62,36
62.5,35.9
63,35.7
63.5,35.7
64,35.6
64.5,35.5
65,35.4
65.5,35.3
66,35.2
66.5,35.1
67,35
67.5,34.9
68,34.8
68.5,34.7
69,34.6
69.5,34.6
70,34.5
70.5,34.4
71,34.3
71.5,34.2
72,34.1
72.5,34
73,33.9
73.5,33.9
74,33.8
74.5,33.7
75,33.6
75.5,33.5
76,33.5
76.5,33.4
77,33.3
77.5,33.2
78,33.2
78.5,33.1
79,33.1
79.5,33
80,32.9
80.5,32.8
81,32.8
81.5,32.7
82,32.7
82.5,32.6
83,32.6
83.5,32.5
84,32.5
84.5,32.4
85,32.4
85.5,32.4
86,32.3
86.5,32.3
87,32.2
87.5,32.2
88,32.3
88.5,32.3
89,32.3
89.5,32.2
90,32.2
90.5,32.2
91,32.2
91.5,32.1
92,32
92.5,32
93,31.9
93.5,31.8
94,31.8
94.5,31.8
95,31.7
95.5,31.6
96,31.6
96.5,31.5
97,31.5
97.5,31.5
98,31.4
98.5,31.4
99,31.3
99.5,31.3
100,31.3
100.5,31.2
101,31.2
101.5,31.2
102,31.1
102.5,31.1
103,31
103.5,31
104,30.9
104.5,30.9
105,30.8
105.5,30.8
106,30.7
106.5,30.7
107,30.7
107.5,30.6
108,30.6
108.5,30.6
109,30.5
109.5,30.5
110,30.4
110.5,30.4
111,30.4
111.5,30.3
112,30.3
112.5,30.2
113,30.2
113.5,30.1
114,30.1
114.5,30
115,30
115.5,30
116,29.9
116.5,29.9
117,29.9
117.5,29.8
118,29.8
118.5,29.7
119,29.7
119.5,29.6
120,29.6
120.5,29.6
121,29.5
121.5,29.5
122,29.4
122.5,29.4
123,29.4
123.5,29.3
124,29.3
124.5,29.2
125,29.2
125.5,29.1
126,29.1
126.5,29.1
127,29
127.5,29
128,28.9
128.5,28.9
129,28.8
129.5,28.8
130,28.7
130.5,28.7
131,28.7
131.5,28.6
132,28.6
132.5,28.6
133,28.5
133.5,28.4
134,28.4
134.5,28.4
135,28.3
135.5,28.3
136,28.3
136.5,28.2
137,28.2
137.5,28.1
138,28.1
138.5,28.1
139,28
139.5,28
140,28
140.5,27.9
141,27.9
141.5,27.9
142,27.8
142.5,27.8
143,27.7
143.5,27.7
144,27.7
144.5,27.6
145,27.6
145.5,27.6
146,27.5
146.5,27.5
147,27.5
147.5,27.4
148,27.4
148.5,27.4
149,27.3
149.5,27.3
150,27.2
150.5,27.2
151,27.2
151.5,27.1
152,27.1
152.5,27
153,27
153.5,27
154,27
154.5,26.9
155,26.9
155.5,26.9
156,26.9
156.5,26.7
157,26.7
157.5,26.7
158,26.6
158.5,26.6
159,26.6
159.5,26.6
160,26.5
160.5,26.5
161,26.5
161.5,26.4
162,26.4
162.5,26.4
163,26.3
163.5,26.3
164,26.2
164.5,26.2
165,26.2
165.5,26.2
166,26.1
166.5,26.1
167,26.1
167.5,26
168,26
168.5,26
169,25.9
169.5,25.9
170,25.9
170.5,25.8
171,25.8
171.5,25.8
172,25.7
172.5,25.7
173,25.7
173.5,25.6
174,25.6
174.5,25.6
175,25.5
175.5,25.5
176,25.5
176.5,25.4
177,25.4
177.5,25.4
178,25.3
178.5,25.3
179,25.3
179.5,25.3
180,25.2
180.5,25.2
181,25.2
181.5,25.1
182,25.1
182.5,25.1
183,25
183.5,25
184,25
184.5,25
185,24.9
185.5,24.9
186,24.9
186.5,24.8
187,24.8
187.5,24.7
188,24.7
188.5,24.7
189,24.7
189.5,24.6
190,24.6
190.5,24.6
191,24.6
191.5,24.5
192,24.5
192.5,24.5
193,24.4
193.5,24.4
194,24.3
194.5,24.3
195,24.3
195.5,24.3
196,24.2
196.5,24.2
197,24.2
197.5,24.2
198,24.1
198.5,24.1
199,24.1
199.5,24
200,24
200.5,24
201,23.9
201.5,23.9
202,23.9
202.5,23.9
203,23.8
203.5,23.8
204,23.8
204.5,23.8
205,23.7
205.5,23.7
206,23.7
206.5,23.7
207,23.6
207.5,23.6
208,23.6
208.5,23.5
209,23.5
209.5,23.5
210,23.5
210.5,23.4
211,23.4
211.5,23.4
212,23.4
212.5,23.3
213,23.3
213.5,23.3
214,23.3
214.5,23.2
215,23.2
215.5,23.2
216,23.2
216.5,23.1
217,23.1
217.5,23
218,23.1
218.5,23
219,23
219.5,23
220,22.9
220.5,22.9
221,22.9
221.5,22.9
222,22.8
222.5,22.8
223,22.8
223.5,22.8
224,22.8
224.5,22.7
225,22.7
225.5,22.7
226,22.6
226.5,22.6
227,22.6
227.5,22.6
228,22.5
228.5,22.5
229,22.5
229.5,22.5
230,22.4
230.5,22.4
231,22.4
231.5,22.4
232,22.4
232.5,22.3
233,22.3
233.5,22.3
234,22.2
234.5,22.3
235,22.2
235.5,22.2
236,22.1
236.5,22.1
237,22.1
237.5,22.1
238,22
238.5,22
239,22
239.5,22
240,21.9
240.5,21.9
241,21.9
241.5,21.9
242,21.9
242.5,21.8
243,21.8
243.5,21.8
244,21.8
244.5,21.8
245,21.7
245.5,21.7
246,21.7
246.5,21.7
247,21.7
247.5,21.6
248,21.6
248.5,21.6
249,21.6
249.5,21.6
250,21.6
250.5,21.5
251,21.5
251.5,21.5
252,21.4
252.5,21.5
253,21.4
253.5,21.4
254,21.4
254.5,21.4
255,21.3
255.5,21.3
256,21.3
256.5,21.3
257,21.3
257.5,21.3
258,21.2
258.5,21.2
259,21.2
259.5,21.2
260,21.1
260.5,21.1
261,21.1
261.5,21.1
262,21.1
262.5,21.1
263,21
263.5,21
264,21
264.5,21
265,21
265.5,20.9
266,20.9
266.5,20.9
267,20.9
267.5,20.9
268,20.8
268.5,20.8
269,20.8
269.5,20.8
270,20.7
270.5,20.7
271,20.7
271.5,20.7
272,20.7
272.5,20.7
273,20.6
273.5,20.6
274,20.6
274.5,20.6
275,20.6
275.5,20.5
276,20.5
276.5,20.5
277,20.5
277.5,20.5
278,20.4
278.5,20.4
279,20.4
279.5,20.4
280,20.4
280.5,20.4
281,20.3
281.5,20.3
282,20.3
282.5,20.3
283,20.3
283.5,20.2
284,20.2
284.5,20.2
285,20.2
285.5,20.2
286,20.1
286.5,20.1
287,20.1
287.5,20.1
288,20.1
288.5,20.1
289,20
289.5,20
290,20
290.5,20
291,20
291.5,20
292,19.9
292.5,19.9
293,19.9
293.5,19.9
294,19.9
294.5,19.9
295,19.8
295.5,19.8
296,19.8
296.5,19.8
297,19.8
297.5,19.8
298,19.7
298.5,19.7
299,19.7
299.5,19.7
300,19.7
300.5,19.6
301,19.6
301.5,19.6
302,19.6
302.5,19.5
303,19.5
303.5,19.5
304,19.5
304.5,19.5
305,19.5
305.5,19.5
306,19.4
306.5,19.4
307,19.4
307.5,19.4
308,19.4
308.5,19.3
309,19.3
309.5,19.3
310,19.3
310.5,19.3
311,19.3
311.5,19.3
312,19.2
312.5,19.2
313,19.2
313.5,19.2
314,19.2
314.5,19.2
315,19.1
315.5,19.1
316,19.1
316.5,19.1
317,19.1
317.5,19.1
318,19.1
318.5,19
319,19
319.5,19
320,19
320.5,19
321,19
321.5,18.9
322,18.9
322.5,18.9
323,18.9
323.5,18.9
324,18.9
324.5,18.9
325,18.8
325.5,18.8
326,18.8
326.5,18.8
327,18.8
327.5,18.8
328,18.7
328.5,18.7
329,18.7
329.5,18.7
330,18.7
330.5,18.7
331,18.7
331.5,18.6
332,18.6
332.5,18.6
333,18.6
333.5,18.6
334,18.6
334.5,18.7
335,18.7
335.5,18.8
336,18.9
336.5,19.1
337,19.3
337.5,19.5
338,19.8
338.5,20.1
339,20.3
339.5,20.6
340,20.8
340.5,21.1
341,21.3
341.5,21.5
342,21.8
342.5,22
343,22.3
343.5,22.4
344,22.6
344.5,22.8
345,23
345.5,23.2
346,23.3
346.5,23.4
347,23.6
347.5,23.7
348,23.8
348.5,23.9
349,24.1
349.5,24.1
350,24.2
350.5,24.3
351,24.4
351.5,24.4
352,24.6
352.5,24.6
353,24.7
353.5,24.7
354,24.8
354.5,24.9
355,24.9
355.5,24.9
356,25
356.5,25
357,25
357.5,25.1
358,25.1
358.5,25.1
359,25.1
359.5,25.1
360,25.2
360.5,25.2
361,25.2
361.5,25.2
362,25.2
362.5,25.3
363,25.3
363.5,25.3
364,25.3
364.5,25.3
365,25.3
365.5,25.3
366,25.4
366.5,25.4
367,25.4
367.5,25.4
368,25.4
368.5,25.4
369,25.4
369.5,25.4
370,25.4
370.5,25.4
371,25.4
371.5,25.4
372,25.4
372.5,25.4
373,25.4
373.5,25.4
374,25.4
374.5,25.4
375,25.4
375.5,25.4
376,25.4
376.5,25.4
377,25.4
377.5,25.4
378,25.4
378.5,25.4
379,25.4
379.5,25.4
380,25.3
380.5,25.4
381,25.4
381.5,25.4
382,25.3
382.5,25.3
383,25.3
383.5,25.3
384,25.3
384.5,25.3
385,25.3
385.5,25.3
386,25.3
386.5,25.3
387,25.3
387.5,25.3
388,25.3
388.5,25.3
389,25.3
389.5,25.3
390,25.2
390.5,25.3
391,25.3
391.5,25.2
392,25.2
392.5,25.2
393,25.2
393.5,25.2
394,25.2
394.5,25.2
395,25.2
395.5,25.2
396,25.2
396.5,25.2
397,25.2
397.5,25.2
398,25.2
398.5,25.2
399,25.2
399.5,25.2
400,25.2
400.5,25.2
401,25.1
401.5,25.1
402,25.1
402.5,25.1
403,25.1
403.5,25.1
404,25.1
404.5,25.1
405,25.1
405.5,25.1
406,25.1
406.5,25.1
407,25.1
407.5,25.1
408,25.1
408.5,25.1
409,25.1
409.5,25.1
410,25.1
410.5,25.1
411,25
411.5,25
412,25
412.5,25
413,25
413.5,25
414,25
414.5,25
415,25
415.5,25
416,25
416.5,25
417,25
417.5,24.9
418,24.9
418.5,24.9
419,24.9
419.5,24.9
420,24.9
420.5,24.9
421,24.9
421.5,24.9
422,24.9
422.5,24.9
423,24.8
423.5,24.8
424,24.8
424.5,24.8
425,24.8
425.5,24.8
426,24.8
426.5,24.8
427,24.8
427.5,24.7
428,24.8
428.5,24.8
429,24.7
429.5,24.7
430,24.7
430.5,24.7
431,24.7
431.5,24.7
432,24.7
432.5,24.7
433,24.7
433.5,24.7
434,24.7
434.5,24.7
435,24.7
435.5,24.7
436,24.6
436.5,24.6
437,24.6
437.5,24.6
438,24.6
438.5,24.6
439,24.6
439.5,24.6
440,24.6
440.5,24.6
441,24.6
441.5,24.6
442,24.6
442.5,24.6
443,24.6
443.5,24.6
444,24.6
444.5,24.5
445,24.5
445.5,24.5
446,24.5
446.5,24.5
447,24.5
447.5,24.5
448,24.5
448.5,24.5
449,24.5
449.5,24.5
450,24.5
450.5,24.4
451,24.5
451.5,24.4
452,24.4
452.5,24.5
453,24.4
453.5,24.4
454,24.4
454.5,24.4
455,24.4
455.5,24.4
456,24.4
456.5,24.4
457,24.4
457.5,24.4
458,24.4
458.5,24.4
459,24.4
459.5,24.4
460,24.3
460.5,24.3
461,24.3
461.5,24.3
462,24.3
462.5,24.3
463,24.3
463.5,24.3
464,24.3
464.5,24.3
465,24.3
465.5,24.3
466,24.3
466.5,24.2
467,24.2
467.5,24.2
468,24.2
468.5,24.2
469,24.2
469.5,24.2
470,24.2
470.5,24.2
471,24.2
471.5,24.2
472,24.2
472.5,24.2
473,24.2
473.5,24.2
474,24.2
474.5,24.1
475,24.1
475.5,24.1
476,24.2
476.5,24.1
477,24.1
477.5,24.1
478,24.1
478.5,24.1
479,24.1
479.5,24.1
480,24.1
480.5,24.1
481,24.1
481.5,24.1
482,24.1
482.5,24.1
483,24.1
483.5,24.1
484,24
484.5,24.1
485,24
485.5,24
486,24.1
486.5,24
487,24
487.5,24
488,24
488.5,24
489,24
489.5,24
490,24
490.5,24
491,24
491.5,24
492,24
492.5,24
493,24
493.5,24
494,23.9
494.5,23.9
495,23.9
495.5,23.9
496,23.9
496.5,23.9
497,23.9
497.5,23.9
498,23.9
498.5,23.9
499,23.9
499.5,23.9
500,23.9
500.5,23.9
501,23.9
501.5,23.9
502,23.9
502.5,23.9
503,23.9
503.5,23.8
504,23.8
504.5,23.8
505,23.8
505.5,23.8
506,23.8
506.5,23.8
507,23.8
507.5,23.8
508,23.8
508.5,23.8
509,23.8
509.5,23.8
510,23.8
510.5,23.8
511,23.8
511.5,23.8
512,23.7
512.5,23.7
513,23.7
513.5,23.8
514,23.7
514.5,23.8
515,23.7
515.5,23.7
516,23.7
516.5,23.7
517,23.7
517.5,23.7
518,23.7
518.5,23.7
519,23.7
519.5,23.7
520,23.7
520.5,23.6
521,23.7
521.5,23.7
522,23.7
522.5,23.6
523,23.6
523.5,23.6
524,23.6
524.5,23.6
525,23.6
525.5,23.6
526,23.6
526.5,23.6
527,23.6
527.5,23.6
528,23.6
528.5,23.6
529,23.6
529.5,23.6
530,23.6
530.5,23.5
531,23.5
531.5,23.5
532,23.5
532.5,23.5
533,23.5
533.5,23.5
534,23.5
534.5,23.5
535,23.5
535.5,23.5
536,23.5
536.5,23.5
537,23.5
537.5,23.5
538,23.5
538.5,23.5
539,23.5
539.5,23.5
540,23.5
540.5,23.4
541,23.4
541.5,23.4
542,23.4
542.5,23.4
543,23.4
543.5,23.4
544,23.4
544.5,23.4
545,23.4
545.5,23.4
546,23.4
546.5,23.4
547,23.4
547.5,23.4
548,23.4
548.5,23.4
549,23.3
549.5,23.3
550,23.3
550.5,23.3
551,23.3
551.5,23.3
552,23.3
552.5,23.3
553,23.3
553.5,23.3
554,23.3
554.5,23.2
555,23.3
555.5,23.3
556,23.3
556.5,23.3
557,23.2
557.5,23.3
558,23.2
558.5,23.2
559,23.2
559.5,23.2
560,23.2
560.5,23.2
561,23.2
561.5,23.2
562,23.2
562.5,23.2
563,23.2
563.5,23.1
564,23.2
564.5,23.1
565,23.1
565.5,23.1
566,23.1
566.5,23.1
567,23.1
567.5,23.1
568,23.1
568.5,23.1
569,23.1
569.5,23.1
570,23.1
570.5,23.1
571,23.1
571.5,23.1
572,23
572.5,23.1
573,23
573.5,23
574,23.1
574.5,23
575,23
575.5,23
576,23
576.5,23
577,23
577.5,23
578,23
578.5,23
579,23
579.5,23
580,23
580.5,22.9
581,23
581.5,22.9
582,23
582.5,23
583,22.9
583.5,22.9
584,22.9
584.5,22.9
585,22.9
585.5,22.9
586,22.9
586.5,22.9
587,22.9
587.5,22.9
588,22.9
588.5,22.9
589,22.9
589.5,22.9
590,22.8
590.5,22.8
591,22.8
591.5,22.8
592,22.8
592.5,22.8
593,22.8
593.5,22.8
594,22.8
594.5,22.8
595,22.8
595.5,22.8
596,22.7
596.5,22.8
597,22.7
597.5,22.7
598,22.7
598.5,22.7
599,22.7
599.5,22.7
600,22.7
600.5,22.7
601,22.7
601.5,22.7
602,22.7
602.5,22.7
603,22.7
603.5,22.7
604,22.7
604.5,22.6
605,22.6
605.5,22.7
606,22.6
606.5,22.6
607,22.6
607.5,22.6
608,22.6
608.5,22.6
609,22.6
609.5,22.6
610,22.6
610.5,22.6
611,22.6
611.5,22.6
612,22.6
612.5,22.6
613,22.5
613.5,22.5
614,22.5
614.5,22.5
615,22.5
615.5,22.5
616,22.5
616.5,22.5
617,22.5
617.5,22.5
618,22.5
618.5,22.5
619,22.5
619.5,22.5
620,22.5
620.5,22.5
621,22.4
621.5,22.5
622,22.4
622.5,22.4
623,22.4
623.5,22.4
624,22.4
624.5,22.4
625,22.4
625.5,22.4
626,22.4
626.5,22.4
627,22.4
627.5,22.4
628,22.4
628.5,22.3
629,22.3
629.5,22.3
630,22.3
630.5,22.3
631,22.3
631.5,22.3
632,22.3
632.5,22.3
633,22.3
633.5,22.3
634,22.3
634.5,22.3
635,22.3
635.5,22.3
636,22.3
636.5,22.3
637,22.3
637.5,22.3
638,22.3
638.5,22.3
639,22.2
639.5,22.3
640,22.2
640.5,22.2
641,22.2
641.5,22.2
642,22.2
642.5,22.2
643,22.2
643.5,22.2
644,22.2
644.5,22.2
645,22.2
645.5,22.1
646,22.1
646.5,22.1
647,22.1
647.5,22.1
648,22.1
648.5,22.1
649,22.1
649.5,22.1
650,22.1
650.5,22.1
651,22.1
651.5,22.1
652,22.1
652.5,22.1
653,22.1
653.5,22.1
654,22
654.5,22.1
655,22
655.5,22
656,22
656.5,22
657,22
657.5,22
658,22
658.5,22
659,22
659.5,22
660,22
660.5,22
661,22
661.5,21.9
662,21.9
662.5,22
663,21.9
663.5,21.9
664,21.9
664.5,21.9
665,21.9
665.5,21.9
666,21.9
666.5,21.9
667,21.9
667.5,21.9
668,21.9
668.5,21.9
669,21.9
669.5,21.8
670,21.9
670.5,21.9
671,21.8
671.5,21.9
672,21.8
672.5,21.8
673,21.8
673.5,21.8
674,21.8
674.5,21.8
675,21.8
675.5,21.8
676,21.8
676.5,21.8
677,21.8
677.5,21.8
678,21.8
678.5,21.8
679,21.8
679.5,21.8
680,21.8
680.5,21.8
681,21.8
681.5,21.7
682,21.8
682.5,21.7
683,21.7
683.5,21.7
684,21.7
684.5,21.7
685,21.7
685.5,21.7
686,21.7
686.5,21.7
687,21.7
687.5,21.7
688,21.7
688.5,21.7
689,21.7
689.5,21.7
690,21.7
690.5,21.7
691,21.7
691.5,21.7
692,21.7
692.5,21.7
693,21.7
693.5,21.6
694,21.6
694.5,21.6
695,21.6
695.5,21.6
696,21.6
696.5,21.6
697,21.6
697.5,21.6
698,21.6
698.5,21.6
699,21.6
699.5,21.6
700,21.6
700.5,21.6
701,21.6
701.5,21.6
702,21.6
702.5,21.6
703,21.6
703.5,21.6
704,21.5
704.5,21.5
705,21.5
705.5,21.6
706,21.5
706.5,21.5
707,21.5
707.5,21.5
708,21.5
708.5,21.5
709,21.5
709.5,21.5
710,21.5
710.5,21.5
711,21.5
711.5,21.5
712,21.5
712.5,21.5
713,21.5
713.5,21.5
714,21.5
714.5,21.5
715,21.5
715.5,21.4
716,21.5
716.5,21.5
717,21.5
717.5,21.4
718,21.4
718.5,21.4
719,21.4
719.5,21.4
720,21.4
720.5,21.4
721,21.4
721.5,21.4
722,21.4
722.5,21.4
723,21.4
723.5,21.4
724,21.4
724.5,21.4
725,21.4
725.5,21.4
726,21.4
726.5,21.4
727,21.4
727.5,21.4
728,21.4
728.5,21.3
729,21.4
729.5,21.3
730,21.3
730.5,21.3
731,21.3
731.5,21.3
732,21.3
732.5,21.3
733,21.3
733.5,21.3
734,21.3
734.5,21.3
735,21.3
735.5,21.3
736,21.3
736.5,21.3
737,21.3
737.5,21.3
738,21.3
738.5,21.2
739,21.2
739.5,21.2
740,21.3
740.5,21.2
741,21.2
741.5,21.2
742,21.2
742.5,21.2
743,21.2
743.5,21.2
744,21.2
744.5,21.2
745,21.2
745.5,21.2
746,21.2
746.5,21.2
747,21.2
747.5,21.2
748,21.2
748.5,21.2
749,21.2
749.5,21.2
750,21.2
750.5,21.2
751,21.2
751.5,21.1
752,21.1
752.5,21.2
753,21.1
753.5,21.1
754,21.1
754.5,21.1
755,21.1
755.5,21.1
756,21.1
756.5,21.1
757,21.1
757.5,21.1
758,21.1
758.5,21.1
759,21.1
759.5,21.1
760,21.1
760.5,21.1
761,21.1
761.5,21.1
762,21.1
762.5,21.1
763,21.1
763.5,21.1
764,21.1
764.5,21.1
765,21.1
765.5,21.1
766,21.1
766.5,21
767,21
767.5,21
768,21
768.5,21
769,21
769.5,21
770,21
770.5,21
771,21.1
771.5,21
772,21
772.5,21
773,21
773.5,21
774,21
774.5,21
775,21
775.5,21
776,21
776.5,21
777,20.9
777.5,20.9
778,20.9
778.5,20.9
779,21
779.5,20.9
780,20.9
780.5,20.9
781,20.9
781.5,20.9
782,20.9
782.5,20.9
783,20.9
783.5,20.9
784,20.9
784.5,20.9
785,20.9
785.5,20.9
786,20.9
786.5,20.9
787,20.9
787.5,20.9
788,20.9
788.5,20.9
789,20.9
789.5,20.9
790,20.9
790.5,20.9
791,20.9
791.5,20.9
792,20.9
792.5,20.9
793,20.9
793.5,20.9
794,20.9
794.5,20.8
795,20.9
795.5,20.8
796,20.9
796.5,20.8
797,20.8
797.5,20.8
798,20.9
798.5,20.8
799,20.8
799.5,20.8
800,20.8
800.5,20.8
801,20.8
801.5,20.8
802,20.8
802.5,20.8
803,20.8
803.5,20.8
804,20.8
804.5,20.8
805,20.8
805.5,20.8
806,20.8
806.5,20.8
807,20.8
807.5,20.8
808,20.8
808.5,20.7
809,20.7
809.5,20.7
810,20.7
810.5,20.7
811,20.7
811.5,20.7
812,20.7
812.5,20.7
813,20.7
813.5,20.7
814,20.7
814.5,20.7
815,20.7
815.5,20.7
816,20.7
816.5,20.6
817,20.6
817.5,20.7
818,20.6
818.5,20.7
819,20.6
819.5,20.7
820,20.7
820.5,20.6
821,20.6
821.5,20.6
822,20.6
822.5,20.6
823,20.6
823.5,20.6
824,20.6
824.5,20.6
825,20.6
825.5,20.6
826,20.6
826.5,20.6
827,20.5
827.5,20.6
828,20.5
828.5,20.6
829,20.6
829.5,20.5
830,20.5
830.5,20.5
831,20.5
831.5,20.5
832,20.5
832.5,20.5
833,20.5
833.5,20.5
834,20.5
834.5,20.5
835,20.5
835.5,20.5
836,20.5
836.5,20.5
837,20.5
837.5,20.5
838,20.5
838.5,20.4
839,20.4
839.5,20.4
840,20.4
840.5,20.4
841,20.4
841.5,20.4
842,20.4
842.5,20.4
843,20.4
843.5,20.4
844,20.4
844.5,20.4
845,20.4
845.5,20.4
846,20.4
846.5,20.4
847,20.3
847.5,20.4
848,20.3
848.5,20.3
849,20.3
849.5,20.3
850,20.3
850.5,20.3
851,20.3
851.5,20.3
852,20.3
852.5,20.3
853,20.3
853.5,20.3
854,20.3
854.5,20.3
855,20.3
855.5,20.3
856,20.3
856.5,20.3
857,20.2
857.5,20.2
858,20.3
858.5,20.2
859,20.2
859.5,20.2
860,20.2
860.5,20.2
861,20.2
861.5,20.2
862,20.2
862.5,20.2
863,20.2
863.5,20.2
864,20.2
864.5,20.2
865,20.2
865.5,20.2
866,20.2
866.5,20.2
867,20.2
867.5,20.1
868,20.2
868.5,20.1
869,20.1
869.5,20.2
870,20.1
870.5,20.1
871,20.1
871.5,20.1
872,20.1
872.5,20.1
873,20.1
873.5,20.1
874,20.1
874.5,20.1
875,20.1
875.5,20.1
876,20.1
876.5,20.1
877,20.1
877.5,20.1
878,20.1
878.5,20.1
879,20.1
879.5,20.1
880,20.1
880.5,20.1
881,20
881.5,20
882,20
882.5,20
883,20
883.5,20
884,20
884.5,20
885,20
885.5,20
886,20
886.5,20
887,20
887.5,20
888,20
888.5,20
889,20
889.5,20
890,20
890.5,20
891,20
891.5,20
892,20
892.5,19.9
893,20
893.5,19.9
894,19.9
894.5,19.9
895,19.9
895.5,19.9
896,19.9
896.5,19.9
897,19.9
897.5,19.9
898,19.9
898.5,19.9
899,19.9
899.5,19.9
900,19.9
900.5,19.9
901,19.9
901.5,19.9
902,19.8
902.5,19.9
903,19.8
903.5,19.8
904,19.9
904.5,19.9
905,19.9
905.5,19.8
906,19.8
906.5,19.8
907,19.8
907.5,19.8
908,19.8
908.5,19.8
909,19.8
909.5,19.8
910,19.8
910.5,19.8
911,19.8
911.5,19.8
912,19.8
912.5,19.8
913,19.8
913.5,19.8
914,19.8
914.5,19.8
915,19.8
915.5,19.8
916,19.8
916.5,19.8
917,19.8
917.5,19.7
918,19.8
918.5,19.7
919,19.8
919.5,19.7
920,19.7
920.5,19.7
921,19.7
921.5,19.7
922,19.7
922.5,19.7
923,19.7
923.5,19.7
924,19.7
924.5,19.7
925,19.7
925.5,19.7
926,19.6
926.5,19.7
927,19.6
927.5,19.6
928,19.6
928.5,19.6
929,19.6
929.5,19.6
930,19.6
930.5,19.6
931,19.6
931.5,19.6
932,19.6
932.5,19.6
933,19.6
933.5,19.6
934,19.6
934.5,19.6
935,19.6
935.5,19.6
936,19.6
936.5,19.6
937,19.6
937.5,19.5
938,19.6
938.5,19.6
939,19.6
939.5,19.6
940,19.6
940.5,19.5
941,19.5
941.5,19.5
942,19.5
942.5,19.5
943,19.5
943.5,19.5
944,19.5
944.5,19.5
945,19.5
945.5,19.5
946,19.5
946.5,19.5
947,19.5
947.5,19.5
948,19.5
948.5,19.5
949,19.5
949.5,19.5
950,19.5
950.5,19.5
951,19.5
951.5,19.5
952,19.5
952.5,19.4
953,19.4
953.5,19.5
954,19.4
954.5,19.4
955,19.4
955.5,19.4
956,19.4
956.5,19.4
957,19.4
957.5,19.4
958,19.4
958.5,19.4
959,19.4
959.5,19.4
960,19.4
960.5,19.4
961,19.4
961.5,19.4
962,19.4
962.5,19.4
963,19.4
963.5,19.4
964,19.4
964.5,19.4
965,19.4
965.5,19.4
966,19.3
966.5,19.4
967,19.3
967.5,19.4
968,19.4
968.5,19.4
969,19.3
969.5,19.3
970,19.4
970.5,19.3
971,19.3
971.5,19.3
972,19.3
972.5,19.3
973,19.3
973.5,19.3
974,19.3
974.5,19.3
975,19.3
975.5,19.3
976,19.3
976.5,19.3
977,19.3
977.5,19.3
978,19.3
978.5,19.3
979,19.3
979.5,19.3
980,19.3
980.5,19.3
981,19.3
981.5,19.3
982,19.3
982.5,19.3
983,19.3
983.5,19.3
984,19.3
984.5,19.3
985,19.3
985.5,19.2
986,19.3
986.5,19.3
987,19.2
987.5,19.3
988,19.2
988.5,19.3
989,19.3
989.5,19.2
990,19.2
990.5,19.2
991,19.2
991.5,19.2
992,19.2
992.5,19.2
993,19.2
993.5,19.2
994,19.2
994.5,19.2
995,19.2
995.5,19.2
996,19.2
996.5,19.2
997,19.2
997.5,19.1
998,19.1
998.5,19.2
999,19.1
999.5,19.1
1000,19.1
1000.5,19.1
1001,19.1
1001.5,19.1
1002,19.1
1002.5,19.1
1003,19.1
1003.5,19.1
1004,19.1
1004.5,19.1
1005,19.1
1005.5,19.1
1006,19.1
1006.5,19.1
1007,19.1
1007.5,19.1
1008,19
1008.5,19.1
1009,19.1
1009.5,19.1
1010,19
1010.5,19
1011,19
1011.5,19
1012,19
1012.5,19
1013,19
1013.5,19
1014,19
1014.5,19
1015,19
1015.5,19
1016,19
1016.5,19
1017,19
1017.5,19
1018,19
1018.5,19
1019,19
1019.5,19
1020,19
1020.5,19
1021,19
1021.5,19
1022,19
1022.5,19
1023,19
1023.5,19
1024,19
1024.5,19
1025,19
1025.5,19
1026,19
1026.5,19
1027,19
1027.5,18.9
1028,18.9
1028.5,18.9
1029,18.9
1029.5,18.9
1030,18.9
1030.5,18.9
1031,18.9
1031.5,18.9
1032,18.9
1032.5,18.9
1033,18.9
1033.5,18.9
1034,18.9
1034.5,18.9
1035,18.9
1035.5,18.9
1036,18.9
1036.5,18.9
1037,18.9
1037.5,18.9
1038,18.8
1038.5,18.9
1039,18.9
1039.5,18.8
1040,18.9
1040.5,18.8
1041,18.8
1041.5,18.8
1042,18.8
1042.5,18.8
1043,18.8
1043.5,18.8
1044,18.8
1044.5,18.8
1045,18.8
1045.5,18.8
1046,18.8
1046.5,18.8
1047,18.8
1047.5,18.8
1048,18.8
1048.5,18.8
1049,18.8
1049.5,18.8
1050,18.8
1050.5,18.8
1051,18.7
1051.5,18.8
1052,18.8
1052.5,18.7
1053,18.8
1053.5,18.7
1054,18.7
1054.5,18.7
1055,18.7
1055.5,18.7
1056,18.7
1056.5,18.7
1057,18.7
1057.5,18.7
1058,18.7
1058.5,18.7
1059,18.6
1059.5,18.7
1060,18.7
1060.5,18.7
1061,18.7
1061.5,18.6
1062,18.6
1062.5,18.6
1063,18.6
1063.5,18.6
1064,18.6
1064.5,18.6
1065,18.6
1065.5,18.6
1066,18.6
1066.5,18.6
1067,18.6
1067.5,18.6
1068,18.6
1068.5,18.6
1069,18.6
1069.5,18.6
1070,18.6
1070.5,18.6
1071,18.6
1071.5,18.6
1072,18.5
1072.5,18.6
1073,18.6
1073.5,18.6
1074,18.6
1074.5,18.5
1075,18.5
1075.5,18.5
1076,18.5
1076.5,18.5
1077,18.5
1077.5,18.5
1078,18.5
1078.5,18.5
1079,18.5
1079.5,18.5
1080,18.5
1080.5,18.5
1081,18.5
1081.5,18.5
1082,18.5
1082.5,18.5
1083,18.5
1083.5,18.5
1084,18.5
1084.5,18.5
1085,18.5
1085.5,18.5
1086,18.4
1086.5,18.5
1087,18.5
1087.5,18.4
1088,18.4
1088.5,18.4
1089,18.5
1089.5,18.4
1090,18.4
1090.5,18.4
1091,18.4
1091.5,18.4
1092,18.4
1092.5,18.4
1093,18.4
1093.5,18.4
1094,18.4
1094.5,18.4
1095,18.4
1095.5,18.4
1096,18.4
1096.5,18.4
1097,18.4
1097.5,18.4
1098,18.4
1098.5,18.4
1099,18.4
1099.5,18.4
1100,18.4
1100.5,18.4
1101,18.4
1101.5,18.4
1102,18.3
1102.5,18.4
1103,18.4
1103.5,18.4
1104,18.4
1104.5,18.4
1105,18.3
1105.5,18.3
1106,18.3
1106.5,18.3
1107,18.3
1107.5,18.3
1108,18.3
1108.5,18.3
1109,18.3
1109.5,18.3
1110,18.3
1110.5,18.3
1111,18.3
1111.5,18.3
1112,18.3
1112.5,18.3
1113,18.3
1113.5,18.3
1114,18.3
1114.5,18.3
1115,18.2
1115.5,18.3
1116,18.3
1116.5,18.2
1117,18.2
1117.5,18.2
1118,18.2
1118.5,18.3
1119,18.2
1119.5,18.2
1120,18.2
1120.5,18.2
1121,18.2
1121.5,18.2
1122,18.2
1122.5,18.2
1123,18.2
1123.5,18.2
1124,18.2
1124.5,18.2
1125,18.2
1125.5,18.2
1126,18.2
1126.5,18.2
1127,18.2
1127.5,18.2
1128,18.2
1128.5,18.1
1129,18.2
1129.5,18.2
1130,18.2
1130.5,18.2
1131,18.2
1131.5,18.2
1132,18.2
1132.5,18.1
1133,18.2
1133.5,18.2
1134,18.1
1134.5,18.1
1135,18.1
1135.5,18.1
1136,18.1
1136.5,18.1
1137,18.1
1137.5,18.1
1138,18.1
1138.5,18.1
1139,18.1
1139.5,18.1
1140,18.1
1140.5,18.1
1141,18.1
1141.5,18.1
1142,18.1
1142.5,18.1
1143,18.1
1143.5,18.1
1144,18
1144.5,18.1
1145,18
1145.5,18.1
1146,18
1146.5,18
1147,18
1147.5,18
1148,18
1148.5,18
1149,18
1149.5,18
1150,18
1150.5,18
1151,18
1151.5,18
1152,18
1152.5,18
1153,18
1153.5,18
1154,18
1154.5,18
1155,18
1155.5,18
1156,18
1156.5,18
1157,18
1157.5,17.9
1158,17.9
1158.5,18
1159,17.9
1159.5,18
1160,17.9
1160.5,17.9
1161,17.9
1161.5,17.9
1162,17.9
1162.5,17.9
1163,17.9
1163.5,17.9
1164,17.9
1164.5,17.9
1165,17.9
1165.5,17.9
1166,17.9
1166.5,17.9
1167,17.9
1167.5,17.9
1168,17.9
1168.5,17.9
1169,17.9
1169.5,17.9
1170,17.9
1170.5,17.9
1171,17.9
1171.5,17.9
1172,17.9
1172.5,17.9
1173,17.9
1173.5,17.8
1174,17.9
1174.5,17.8
1175,17.8
1175.5,17.8
1176,17.8
1176.5,17.8
1177,17.8
1177.5,17.8
1178,17.8
1178.5,17.8
1179,17.8
1179.5,17.8
1180,17.8
1180.5,17.8
1181,17.8
1181.5,17.8
1182,17.8
1182.5,17.8
1183,17.8
1183.5,17.8
1184,17.8
1184.5,17.8
1185,17.7
1185.5,17.8
1186,17.7
1186.5,17.8
1187,17.7
1187.5,17.7
1188,17.8
1188.5,17.7
1189,17.7
1189.5,17.7
1190,17.7
1190.5,17.7
1191,17.7
1191.5,17.7
1192,17.7
1192.5,17.7
1193,17.7
1193.5,17.7
1194,17.7
1194.5,17.7
1195,17.7
1195.5,17.7
1196,17.7
1196.5,17.7
1197,17.7
1197.5,17.7
1198,17.7
1198.5,17.6
1199,17.7
1199.5,17.7
1200,17.7
1200.5,17.6
1201,17.6
1201.5,17.6
1202,17.7
1202.5,17.6
1203,17.6
1203.5,17.6
1204,17.6
1204.5,17.6
1205,17.6
1205.5,17.6
1206,17.6
1206.5,17.6
1207,17.6
1207.5,17.6
1208,17.6
1208.5,17.6
1209,17.6
1209.5,17.6
1210,17.6
1210.5,17.6
1211,17.6
1211.5,17.6
1212,17.6
1212.5,17.6
1213,17.6
1213.5,17.6
1214,17.6
1214.5,17.6
1215,17.6
1215.5,17.6
1216,17.6
1216.5,17.6
1217,17.6
1217.5,17.5
1218,17.6
1218.5,17.5
1219,17.5
1219.5,17.5
1220,17.5
1220.5,17.5
1221,17.5
1221.5,17.5
1222,17.5
1222.5,17.5
1223,17.5
1223.5,17.5
1224,17.5
1224.5,17.5
1225,17.5
1225.5,17.5
1226,17.5
1226.5,17.5
1227,17.5
1227.5,17.4
1228,17.4
1228.5,17.4
1229,17.4
1229.5,17.4
1230,17.4
1230.5,17.4
1231,17.4
1231.5,17.4
1232,17.4
1232.5,17.4
1233,17.4
1233.5,17.4
1234,17.4
1234.5,17.4
1235,17.4
1235.5,17.4
1236,17.4
1236.5,17.4
1237,17.4
1237.5,17.3
1238,17.3
1238.5,17.3
1239,17.3
1239.5,17.3
1240,17.3
1240.5,17.3
1241,17.3
1241.5,17.3
1242,17.3
1242.5,17.3
1243,17.3
1243.5,17.3
1244,17.3
1244.5,17.3
1245,17.3
1245.5,17.3
1246,17.3
1246.5,17.3
1247,17.3
1247.5,17.3
1248,17.3
1248.5,17.3
1249,17.3
1249.5,17.2
1250,17.2
1250.5,17.2
1251,17.2
1251.5,17.2
1252,17.2
1252.5,17.2
1253,17.2
1253.5,17.2
1254,17.2
1254.5,17.2
1255,17.2
1255.5,17.2
1256,17.2
1256.5,17.2
1257,17.2
1257.5,17.2
1258,17.1
1258.5,17.2
1259,17.1
1259.5,17.2
1260,17.1
1260.5,17.1
1261,17.1
1261.5,17.1
1262,17.1
1262.5,17.1
1263,17.1
1263.5,17.1
1264,17.1
1264.5,17.1
1265,17.1
1265.5,17.1
1266,17.1
1266.5,17.1
1267,17.1
1267.5,17.1
1268,17.1
1268.5,17.1
1269,17.1
1269.5,17.1
1270,17.1
1270.5,17.1
1271,17.1
1271.5,17
1272,17
1272.5,17.1
1273,17.1
1273.5,17
1274,17.1
1274.5,17.1
1275,17.1
1275.5,17
1276,17
1276.5,17.1
1277,17.1
1277.5,17
1278,17.1
1278.5,17.1
1279,17
1279.5,17
1280,17.1
1280.5,17.1
1281,17.1
1281.5,17.1
1282,17.1
1282.5,17.1
1283,17
1283.5,17.1
1284,17
1284.5,17.1
1285,17.1
1285.5,17.1
1286,17.1
1286.5,17.1
1287,17
1287.5,17
1288,17
1288.5,17
1289,17
1289.5,17
1290,17
1290.5,17
1291,17
1291.5,17
1292,17
1292.5,17
1293,17
1293.5,17.1
1294,17
1294.5,17
1295,17
1295.5,17
1296,17
1296.5,17
1297,17
1297.5,17
1298,17
1298.5,17
1299,17
1299.5,17
1300,17
1300.5,17
1301,16.9
1301.5,17
1302,17
1302.5,17
1303,17
1303.5,16.9
1304,16.9
1304.5,17
1305,17
1305.5,17
1306,16.9
1306.5,17
1307,16.9
1307.5,16.9
1308,16.9
1308.5,16.9
1309,16.9
1309.5,16.9
1310,16.9
1310.5,16.9
1311,16.9
1311.5,16.9
1312,16.9
1312.5,16.9
1313,16.9
1313.5,16.9
1314,16.9
1314.5,16.9
1315,16.9
1315.5,16.9
1316,16.9
1316.5,16.9
1317,16.9
1317.5,16.9
1318,16.8
1318.5,16.9
1319,16.8
1319.5,16.8
1320,16.8
1320.5,16.8
1321,16.8
1321.5,16.8
1322,16.8
1322.5,16.8
1323,16.8
1323.5,16.8
1324,16.8
1324.5,16.8
1325,16.8
1325.5,16.8
1326,16.8
1326.5,16.8
1327,16.8
1327.5,16.8
1328,16.7
1328.5,16.8
1329,16.8
1329.5,16.7
1330,16.7
1330.5,16.7
1331,16.7
1331.5,16.7
1332,16.7
1332.5,16.7
1333,16.7
1333.5,16.7
1334,16.7
1334.5,16.7
1335,16.7
1335.5,16.7
1336,16.7
1336.5,16.7
1337,16.7
1337.5,16.7
1338,16.7
1338.5,16.7
1339,16.7
1339.5,16.7
1340,16.7
1340.5,16.7
1341,16.7
1341.5,16.7
1342,16.7
1342.5,16.7
1343,16.7
1343.5,16.7
1344,16.7
1344.5,16.7
1345,16.7
1345.5,16.6
1346,16.6
1346.5,16.6
1347,16.6
1347.5,16.6
1348,16.6
1348.5,16.6
1349,16.6
1349.5,16.6
1350,16.6
1350.5,16.6
1351,16.6
1351.5,16.6
1352,16.6
1352.5,16.6
1353,16.6
1353.5,16.6
1354,16.6
1354.5,16.6
1355,16.6
1355.5,16.6
1356,16.6
1356.5,16.6
1357,16.6
1357.5,16.6
1358,16.6
1358.5,16.6
1359,16.6
1359.5,16.6
1360,16.6
1360.5,16.5
1361,16.6
1361.5,16.6
1362,16.5
1362.5,16.6
1363,16.5
1363.5,16.5
1364,16.5
1364.5,16.5
1365,16.5
1365.5,16.5
1366,16.5
1366.5,16.5
1367,16.5
1367.5,16.5
1368,16.5
1368.5,16.5
1369,16.5
1369.5,16.5
1370,16.5
1370.5,16.5
1371,16.5
1371.5,16.5
1372,16.5
1372.5,16.5
1373,16.5
1373.5,16.5
1374,16.5
1374.5,16.5
1375,16.5
1375.5,16.5
1376,16.4
1376.5,16.5
1377,16.5
1377.5,16.4
1378,16.5
1378.5,16.4
1379,16.4
1379.5,16.5
1380,16.4
1380.5,16.4
1381,16.4
1381.5,16.4
1382,16.4
1382.5,16.4
1383,16.4
1383.5,16.4
1384,16.4
1384.5,16.4
1385,16.4
1385.5,16.4
1386,16.4
1386.5,16.4
1387,16.4
1387.5,16.4
1388,16.4
1388.5,16.4
1389,16.4
1389.5,16.3
1390,16.3
1390.5,16.4
1391,16.3
1391.5,16.3
1392,16.3
1392.5,16.3
1393,16.3
1393.5,16.3
1394,16.3
1394.5,16.3
1395,16.3
1395.5,16.3
1396,16.3
1396.5,16.3
1397,16.3
1397.5,16.3
1398,16.3
1398.5,16.3
1399,16.3
1399.5,16.2
1400,16.2
1400.5,16.3
1401,16.3
1401.5,16.3
1402,16.3
1402.5,16.3
1403,16.3
1403.5,16.2
1404,16.2
1404.5,16.2
1405,16.2
1405.5,16.2
1406,16.2
1406.5,16.2
1407,16.2
1407.5,16.2
1408,16.2
1408.5,16.2
1409,16.2
1409.5,16.2
1410,16.2
1410.5,16.2
1411,16.2
1411.5,16.2
1412,16.2
1412.5,16.2
1413,16.2
1413.5,16.2
1414,16.2
1414.5,16.2
1415,16.2
1415.5,16.2
1416,16.2
1416.5,16.2
1417,16.2
1417.5,16.2
1418,16.1
1418.5,16.1
1419,16.2
1419.5,16.2
1420,16.1
1420.5,16.1
1421,16.1
1421.5,16.1
1422,16.1
1422.5,16.1
1423,16.1
1423.5,16.1
1424,16.1
1424.5,16.1
1425,16.1
1425.5,16.1
1426,16.1
1426.5,16.1
1427,16.1
1427.5,16.1
1428,16.1
1428.5,16.1
1429,16.1
1429.5,16
1430,16.1
1430.5,16
1431,16
1431.5,16
1432,16
1432.5,16
1433,16
1433.5,16
1434,16
1434.5,16
1435,16
1435.5,16
1436,16
1436.5,16
1437,16
1437.5,16
1438,16
1438.5,16
1439,16
1439.5,16
1440,16
1440.5,16
1441,16
1441.5,16
1442,16
1442.5,16
1443,16
1443.5,15.9
1444,15.9
1444.5,15.9
1445,15.9
1445.5,15.9
1446,15.9
1446.5,15.9
1447,15.9
1447.5,15.9
1448,15.9
1448.5,15.9
1449,15.9
1449.5,15.9
1450,15.9
1450.5,15.9
1451,15.9
1451.5,15.9
1452,15.9
1452.5,15.9
1453,15.9
1453.5,15.9
1454,15.9
1454.5,15.9
1455,15.9
1455.5,15.9
1456,15.8
1456.5,15.9
1457,15.8
1457.5,15.8
1458,15.8
1458.5,15.8
1459,15.8
1459.5,15.8
1460,15.8
1460.5,15.8
1461,15.8
1461.5,15.8
1462,15.8
1462.5,15.8
1463,15.8
1463.5,15.8
1464,15.8
1464.5,15.8
1465,15.8
1465.5,15.8
1466,15.8
1466.5,15.7
1467,15.8
1467.5,15.8
1468,15.8
1468.5,15.8
1469,15.8
1469.5,15.7
1470,15.8
1470.5,15.7
1471,15.7
1471.5,15.7
1472,15.7
1472.5,15.7
1473,15.7
1473.5,15.7
1474,15.7
1474.5,15.7
1475,15.7
1475.5,15.7
1476,15.7
1476.5,15.7
1477,15.7
1477.5,15.7
1478,15.7
1478.5,15.7
1479,15.7
1479.5,15.7
1480,15.7
1480.5,15.7
1481,15.7
1481.5,15.7
1482,15.7
1482.5,15.7
1483,15.7
1483.5,15.6
1484,15.7
1484.5,15.7
1485,15.6
1485.5,15.7
1486,15.7
1486.5,15.6
1487,15.6
1487.5,15.6
1488,15.6
1488.5,15.6
1489,15.6
1489.5,15.6
1490,15.6
1490.5,15.6
1491,15.6
1491.5,15.6
1492,15.6
1492.5,15.6
1493,15.6
1493.5,15.6
1494,15.6
1494.5,15.6
1495,15.6
1495.5,15.6
1496,15.6
1496.5,15.6
1497,15.6
1497.5,15.6
1498,15.5
1498.5,15.5
1499,15.5
1499.5,15.6
1500,15.5
1500.5,15.5
1501,15.5
1501.5,15.5
1502,15.5
1502.5,15.5
1503,15.5
1503.5,15.5
1504,15.5
1504.5,15.5
1505,15.5
1505.5,15.5
1506,15.5
1506.5,15.5
1507,15.5
1507.5,15.5
1508,15.5
1508.5,15.5
1509,15.5
1509.5,15.4
1510,15.5
1510.5,15.5
1511,15.5
1511.5,15.5
1512,15.5
1512.5,15.5
1513,15.5
1513.5,15.4
1514,15.4
1514.5,15.4
1515,15.4
1515.5,15.4
1516,15.4
1516.5,15.4
1517,15.4
1517.5,15.4
1518,15.4
1518.5,15.4
1519,15.4
1519.5,15.4
1520,15.4
1520.5,15.4
1521,15.4
1521.5,15.4
1522,15.4
1522.5,15.4
1523,15.4
1523.5,15.4
1524,15.4
1524.5,15.4
1525,15.4
1525.5,15.4
1526,15.4
1526.5,15.4
1527,15.4
1527.5,15.4
1528,15.4
1528.5,15.4
1529,15.4
1529.5,15.4
1530,15.4
1530.5,15.4
1531,15.4
1531.5,15.4
1532,15.4
1532.5,15.4
1533,15.4
1533.5,15.4
1534,15.4
1534.5,15.4
1535,15.4
1535.5,15.3
1536,15.4
1536.5,15.4
1537,15.4
1537.5,15.3
1538,15.3
1538.5,15.4
1539,15.3
1539.5,15.3
1540,15.3
1540.5,15.3
1541,15.3
1541.5,15.3
1542,15.3
1542.5,15.3
1543,15.3
1543.5,15.3
1544,15.3
1544.5,15.3
1545,15.2
1545.5,15.2
1546,15.3
1546.5,15.2
1547,15.2
1547.5,15.2
1548,15.2
1548.5,15.2
1549,15.2
1549.5,15.2
1550,15.2
1550.5,15.2
1551,15.2
1551.5,15.2
1552,15.2
1552.5,15.2
1553,15.2
1553.5,15.2
1554,15.2
1554.5,15.2
1555,15.2
1555.5,15.2
1556,15.2
1556.5,15.2
1557,15.2
1557.5,15.2
1558,15.2
1558.5,15.2
1559,15.2
1559.5,15.2
1560,15.2
1560.5,15.2
1561,15.2
1561.5,15.2
1562,15.2
1562.5,15.2
1563,15.2
1563.5,15.2
1564,15.2
1564.5,15.1
1565,15.2
1565.5,15.2
1566,15.2
1566.5,15.2
1567,15.2
1567.5,15.1
1568,15.2
1568.5,15.2
1569,15.1
1569.5,15.2
1570,15.2
1570.5,15.2
1571,15.2
1571.5,15.1
1572,15.2
1572.5,15.2
1573,15.2
1573.5,15.2
1574,15.2
1574.5,15.1
1575,15.2
1575.5,15.1
1576,15.2
1576.5,15.2
1577,15.1
1577.5,15.1
1578,15.1
