Thoi_Gian_Giay,Nhiet_Do_C
0.0,45.7
0.5,45.7
1.0,45.7
1.5,45.7
2.0,45.6
2.5,45.6
3.0,45.6
3.5,45.6
4.0,45.6
4.5,45.6
5.0,45.5
5.5,45.5
6.0,45.5
6.5,45.4
7.0,45.4
7.5,45.3
8.0,45.3
8.5,45.3
9.0,45.2
9.5,45.2
10.0,45.1
10.5,45
11.0,45
11.5,45
12.0,44.9
12.5,44.9
13.0,44.8
13.5,44.8
14.0,44.7
14.5,44.7
15.0,44.6
15.5,44.6
16.0,44.5
16.5,44.4
17.0,44.4
17.5,44.3
18.0,44.3
18.5,44.3
19.0,44.2
19.5,44.2
20.0,44.1
20.5,44.1
21.0,44.1
21.5,44
22.0,44
22.5,43.9
23.0,43.9
23.5,43.9
24.0,43.8
24.5,43.7
25.0,43.7
25.5,43.6
26.0,43.6
26.5,43.6
27.0,43.5
27.5,43.5
28.0,43.4
28.5,43.4
29.0,43.4
29.5,43.3
30.0,43.3
30.5,43.2
31.0,43.2
31.5,43.1
32.0,43.1
32.5,43.1
33.0,43.1
33.5,43
34.0,43
34.5,42.9
35.0,42.9
35.5,42.8
36.0,42.8
36.5,42.8
37.0,42.7
37.5,42.7
38.0,42.6
38.5,42.6
39.0,42.5
39.5,42.5
40.0,42.5
40.5,42.4
41.0,42.4
41.5,42.4
42.0,42.3
42.5,42.3
43.0,42.2
43.5,42.2
44.0,42.1
44.5,42.1
45.0,42.1
45.5,42
46.0,42
46.5,42
47.0,41.9
47.5,41.9
48.0,41.8
48.5,41.8
49.0,41.8
49.5,41.7
50.0,41.7
50.5,41.6
51.0,41.6
51.5,41.6
52.0,41.5
52.5,41.5
53.0,41.5
53.5,41.4
54.0,41.4
54.5,41.4
55.0,41.3
55.5,41.3
56.0,41.2
56.5,41.2
57.0,41.2
57.5,41.1
58.0,41.1
58.5,41.1
59.0,41
59.5,41
60.0,41
60.5,40.9
61.0,40.9
61.5,40.8
62.0,40.8
62.5,40.8
63.0,40.8
63.5,40.7
64.0,40.7
64.5,40.6
65.0,40.6
65.5,40.6
66.0,40.5
66.5,40.5
67.0,40.5
67.5,40.4
68.0,40.3
68.5,40.3
69.0,40.3
69.5,40.3
70.0,40.2
70.5,40.2
71.0,40.2
71.5,40.1
72.0,40.1
72.5,40.1
73.0,40
73.5,40
74.0,40
74.5,39.9
75.0,39.9
75.5,39.8
76.0,39.8
76.5,39.8
77.0,39.7
77.5,39.7
78.0,39.7
78.5,39.6
79.0,39.6
79.5,39.6
80.0,39.5
80.5,39.5
81.0,39.5
81.5,39.4
82.0,39.4
82.5,39.3
83.0,39.3
83.5,39.3
84.0,39.3
84.5,39.2
85.0,39.2
85.5,39.1
86.0,39.1
86.5,39.1
87.0,39.1
87.5,39
88.0,39
88.5,38.9
89.0,38.9
89.5,38.9
90.0,38.8
90.5,38.8
91.0,38.8
91.5,38.8
92.0,38.7
92.5,38.6
93.0,38.6
93.5,38.6
94.0,38.5
94.5,38.5
95.0,38.5
95.5,38.4
96.0,38.4
96.5,38.4
97.0,38.4
97.5,38.3
98.0,38.2
98.5,38.2
99.0,38.2
99.5,38.2
100.0,38.1
100.5,38.1
101.0,38
101.5,38
102.0,38
102.5,37.9
103.0,37.9
103.5,37.9
104.0,37.8
104.5,37.8
105.0,37.8
105.5,37.7
106.0,37.7
106.5,37.7
107.0,37.7
107.5,37.6
108.0,37.6
108.5,37.6
109.0,37.5
109.5,37.5
110.0,37.4
110.5,37.4
111.0,37.4
111.5,37.3
112.0,37.3
112.5,37.3
113.0,37.2
113.5,37.2
114.0,37.2
114.5,37.1
115.0,37.1
115.5,37
116.0,37
116.5,37
117.0,37
117.5,36.9
118.0,36.8
118.5,36.8
119.0,36.8
119.5,36.8
120.0,36.7
120.5,36.7
121.0,36.6
121.5,36.6
122.0,36.6
122.5,36.5
123.0,36.5
123.5,36.5
124.0,36.4
124.5,36.4
125.0,36.3
125.5,36.3
126.0,36.3
126.5,36.2
127.0,36.2
127.5,36.2
128.0,36.1
128.5,36.1
129.0,36.1
129.5,36
130.0,36
130.5,35.9
131.0,35.9
131.5,35.9
132.0,35.8
132.5,35.8
133.0,35.7
133.5,35.7
134.0,35.7
134.5,35.7
135.0,35.6
135.5,35.6
136.0,35.5
136.5,35.5
137.0,35.4
137.5,35.4
138.0,35.4
138.5,35.3
139.0,35.3
139.5,35.3
140.0,35.2
140.5,35.2
141.0,35.2
141.5,35.1
142.0,35.1
142.5,35
143.0,35
143.5,34.9
144.0,34.9
144.5,34.9
145.0,34.8
145.5,34.8
146.0,34.7
146.5,34.7
147.0,34.7
147.5,34.7
148.0,34.6
148.5,34.6
149.0,34.5
149.5,34.5
150.0,34.5
150.5,34.4
151.0,34.4
151.5,34.3
152.0,34.3
152.5,34.3
153.0,34.2
153.5,34.2
154.0,34.2
154.5,34.1
155.0,34.1
155.5,34
156.0,34
156.5,34
157.0,34
157.5,33.9
158.0,33.9
158.5,33.8
159.0,33.8
159.5,33.8
160.0,33.7
160.5,33.7
161.0,33.7
161.5,33.7
162.0,33.6
162.5,33.6
163.0,33.5
163.5,33.5
164.0,33.5
164.5,33.4
165.0,33.4
165.5,33.4
166.0,33.4
166.5,33.3
167.0,33.3
167.5,33.3
168.0,33.3
168.5,33.2
169.0,33.2
169.5,33.2
170.0,33.2
170.5,33.1
171.0,33.1
171.5,33
172.0,33
172.5,33
173.0,32.9
173.5,32.9
174.0,32.9
174.5,32.9
175.0,32.8
175.5,32.8
176.0,32.8
176.5,32.8
177.0,32.7
177.5,32.7
178.0,32.7
178.5,32.6
179.0,32.6
179.5,32.6
180.0,32.6
180.5,32.5
181.0,32.5
181.5,32.5
182.0,32.5
182.5,32.5
183.0,32.4
183.5,32.4
184.0,32.4
184.5,32.3
185.0,32.3
185.5,32.3
186.0,32.3
186.5,32.2
187.0,32.2
187.5,32.2
188.0,32.2
188.5,32.1
189.0,32.1
189.5,32.1
190.0,32.1
190.5,32
191.0,32
191.5,32
192.0,32
192.5,31.9
193.0,31.9
193.5,31.9
194.0,31.9
194.5,31.9
195.0,31.8
195.5,31.8
196.0,31.8
196.5,31.8
197.0,31.7
197.5,31.7
198.0,31.7
198.5,31.7
199.0,31.7
199.5,31.6
200.0,31.6
200.5,31.6
201.0,31.6
201.5,31.5
202.0,31.5
202.5,31.5
203.0,31.5
203.5,31.4
204.0,31.4
204.5,31.4
205.0,31.4
205.5,31.4
206.0,31.3
206.5,31.3
207.0,31.3
207.5,31.3
208.0,31.2
208.5,31.2
209.0,31.2
209.5,31.2
210.0,31.2
210.5,31.1
211.0,31.1
211.5,31.1
212.0,31
212.5,31
213.0,31
213.5,31
214.0,31
214.5,30.9
215.0,30.9
215.5,30.9
216.0,30.8
216.5,30.8
217.0,30.8
217.5,30.8
218.0,30.8
218.5,30.7
219.0,30.7
219.5,30.7
220.0,30.7
220.5,30.6
221.0,30.6
221.5,30.6
222.0,30.6
222.5,30.5
223.0,30.5
223.5,30.5
224.0,30.5
224.5,30.5
225.0,30.4
225.5,30.4
226.0,30.4
226.5,30.4
227.0,30.3
227.5,30.3
228.0,30.3
228.5,30.2
229.0,30.3
229.5,30.2
230.0,30.2
230.5,30.2
231.0,30.1
231.5,30.1
232.0,30.1
232.5,30.1
233.0,30.1
233.5,30.1
234.0,30
234.5,30
235.0,30
235.5,29.9
236.0,29.9
236.5,29.9
237.0,29.9
237.5,29.8
238.0,29.9
238.5,29.8
239.0,29.8
239.5,29.8
240.0,29.8
240.5,29.7
241.0,29.7
241.5,29.7
242.0,29.7
242.5,29.6
243.0,29.6
243.5,29.6
244.0,29.6
244.5,29.6
245.0,29.5
245.5,29.5
246.0,29.5
246.5,29.5
247.0,29.4
247.5,29.4
248.0,29.4
248.5,29.3
249.0,29.3
249.5,29.3
250.0,29.3
250.5,29.3
251.0,29.3
251.5,29.2
252.0,29.2
252.5,29.2
253.0,29.2
253.5,29.2
254.0,29.1
254.5,29.1
255.0,29.1
255.5,29.1
256.0,29
256.5,29
257.0,29
257.5,29
258.0,29
258.5,28.9
259.0,28.9
259.5,28.9
260.0,28.9
260.5,28.8
261.0,28.8
261.5,28.8
262.0,28.8
262.5,28.8
263.0,28.7
263.5,28.7
264.0,28.7
264.5,28.7
265.0,28.7
265.5,28.6
266.0,28.6
266.5,28.6
267.0,28.6
267.5,28.5
268.0,28.5
268.5,28.5
269.0,28.5
269.5,28.5
270.0,28.4
270.5,28.4
271.0,28.4
271.5,28.4
272.0,28.3
272.5,28.3
273.0,28.3
273.5,28.3
274.0,28.3
274.5,28.2
275.0,28.2
275.5,28.2
276.0,28.2
276.5,28.2
277.0,28.1
277.5,28.1
278.0,28.1
278.5,28.1
279.0,28.1
279.5,28
280.0,28
280.5,28
281.0,28
281.5,28
282.0,28
282.5,27.9
283.0,27.9
283.5,27.9
284.0,27.9
284.5,27.9
285.0,27.8
285.5,27.8
286.0,27.8
286.5,27.8
287.0,27.7
287.5,27.7
288.0,27.7
288.5,27.7
289.0,27.7
289.5,27.6
290.0,27.6
290.5,27.6
291.0,27.6
291.5,27.5
292.0,27.4
292.5,27.4
293.0,27.3
293.5,27.3
294.0,27.3
294.5,27.2
295.0,27.2
295.5,27.2
296.0,27.1
296.5,27.1
297.0,27
297.5,27
298.0,27
298.5,26.9
299.0,26.9
299.5,26.8
300.0,26.8
300.5,26.7
301.0,26.7
301.5,26.6
302.0,26.6
302.5,26.5
303.0,26.5
303.5,26.4
304.0,26.4
304.5,26.3
305.0,26.3
305.5,26.2
306.0,26.2
306.5,26.1
307.0,26.1
307.5,26
308.0,25.9
308.5,25.9
309.0,25.8
309.5,25.8
310.0,25.7
310.5,25.7
311.0,25.6
311.5,25.6
312.0,25.5
312.5,25.4
313.0,25.4
313.5,25.3
314.0,25.3
314.5,25.2
315.0,25.1
315.5,25.1
316.0,25.1
316.5,25
317.0,24.9
317.5,24.9
318.0,24.8
318.5,24.8
319.0,24.7
319.5,24.7
320.0,24.6
320.5,24.5
321.0,24.5
321.5,24.4
322.0,24.4
322.5,24.3
323.0,24.2
323.5,24.2
324.0,24.2
324.5,24.1
325.0,24.1
325.5,24
326.0,24
326.5,23.9
327.0,23.9
327.5,23.9
328.0,23.8
328.5,23.8
329.0,23.7
329.5,23.7
330.0,23.6
330.5,23.6
331.0,23.6
331.5,23.5
332.0,23.5
332.5,23.5
333.0,23.4
333.5,23.4
334.0,23.3
334.5,23.3
335.0,23.3
335.5,23.2
336.0,23.2
336.5,23.2
337.0,23.1
337.5,23.1
338.0,23.1
338.5,23
339.0,23
339.5,23
340.0,22.9
340.5,22.9
341.0,22.9
341.5,22.8
342.0,22.8
342.5,22.8
343.0,22.8
343.5,22.7
344.0,22.7
344.5,22.7
345.0,22.6
345.5,22.6
346.0,22.6
346.5,22.6
347.0,22.5
347.5,22.5
348.0,22.5
348.5,22.5
349.0,22.4
349.5,22.4
350.0,22.4
350.5,22.3
351.0,22.3
351.5,22.3
352.0,22.3
352.5,22.3
353.0,22.2
353.5,22.2
354.0,22.1
354.5,22.1
355.0,22.1
355.5,22.1
356.0,22
356.5,22
357.0,22
357.5,22
358.0,22
358.5,22
359.0,21.9
359.5,21.9
360.0,21.9
360.5,21.9
361.0,21.8
361.5,21.8
362.0,21.8
362.5,21.8
363.0,21.7
363.5,21.7
364.0,21.7
364.5,21.7
365.0,21.6
365.5,21.6
366.0,21.6
366.5,21.6
367.0,21.6
367.5,21.5
368.0,21.5
368.5,21.5
369.0,21.5
369.5,21.4
370.0,21.4
370.5,21.4
371.0,21.4
371.5,21.4
372.0,21.4
372.5,21.3
373.0,21.3
373.5,21.3
374.0,21.3
374.5,21.3
375.0,21.2
375.5,21.2
376.0,21.2
376.5,21.2
377.0,21.2
377.5,21.1
378.0,21.1
378.5,21.1
379.0,21.1
379.5,21.1
380.0,21
380.5,21
381.0,21
381.5,21
382.0,21
382.5,21
383.0,20.9
383.5,20.9
384.0,20.9
384.5,20.9
385.0,20.9
385.5,20.8
386.0,20.8
386.5,20.8
387.0,20.8
387.5,20.7
388.0,20.7
388.5,20.7
389.0,20.7
389.5,20.7
390.0,20.7
390.5,20.6
391.0,20.6
391.5,20.6
392.0,20.6
392.5,20.6
393.0,20.5
393.5,20.5
394.0,20.5
394.5,20.5
395.0,20.5
395.5,20.5
396.0,20.4
396.5,20.4
397.0,20.4
397.5,20.4
398.0,20.4
398.5,20.4
399.0,20.3
399.5,20.3
400.0,20.3
400.5,20.3
401.0,20.2
401.5,20.2
402.0,20.2
402.5,20.2
403.0,20.2
403.5,20.2
404.0,20.1
404.5,20.1
405.0,20.1
405.5,20.1
406.0,20.1
406.5,20.1
407.0,20
407.5,20
408.0,20
408.5,20
409.0,20
409.5,20
410.0,19.9
410.5,19.9
411.0,19.9
411.5,19.9
412.0,19.9
412.5,19.9
413.0,19.8
413.5,19.8
414.0,19.8
414.5,19.8
415.0,19.8
415.5,19.8
416.0,19.7
416.5,19.7
417.0,19.7
417.5,19.7
418.0,19.7
418.5,19.6
419.0,19.6
419.5,19.6
420.0,19.6
420.5,19.6
421.0,19.6
421.5,19.5
422.0,19.5
422.5,19.5
423.0,19.5
423.5,19.5
424.0,19.5
424.5,19.4
425.0,19.4
425.5,19.4
426.0,19.4
426.5,19.4
427.0,19.4
427.5,19.3
428.0,19.3
428.5,19.3
429.0,19.3
429.5,19.3
430.0,19.3
430.5,19.2
431.0,19.2
431.5,19.2
432.0,19.2
432.5,19.2
433.0,19.2
433.5,19.1
434.0,19.1
434.5,19.1
435.0,19.1
435.5,19.1
436.0,19.1
436.5,19.1
437.0,19.1
437.5,19
438.0,19
438.5,19
439.0,19
439.5,19
440.0,19
440.5,18.9
441.0,18.9
441.5,18.9
442.0,18.9
442.5,18.8
443.0,18.9
443.5,18.9
444.0,18.8
444.5,18.8
445.0,18.8
445.5,18.8
446.0,18.8
446.5,18.8
447.0,18.7
447.5,18.7
448.0,18.7
448.5,18.7
449.0,18.6
449.5,18.6
450.0,18.6
450.5,18.6
451.0,18.6
451.5,18.6
452.0,18.6
452.5,18.6
453.0,18.5
453.5,18.5
454.0,18.5
454.5,18.5
455.0,18.5
455.5,18.5
456.0,18.4
456.5,18.4
457.0,18.4
457.5,18.4
458.0,18.4
458.5,18.4
459.0,18.4
459.5,18.3
460.0,18.3
460.5,18.3
461.0,18.3
461.5,18.3
462.0,18.3
462.5,18.2
463.0,18.2
463.5,18.2
464.0,18.2
464.5,18.2
465.0,18.1
465.5,18.1
466.0,18.1
466.5,18.1
467.0,18.1
467.5,18.1
468.0,18.1
468.5,18.1
469.0,18
469.5,18
470.0,18
470.5,18
471.0,18
471.5,17.9
472.0,17.9
472.5,17.9
473.0,17.9
473.5,17.9
474.0,17.9
474.5,17.8
475.0,17.8
475.5,17.8
476.0,17.8
476.5,17.7
477.0,17.7
477.5,17.7
478.0,17.7
478.5,17.7
479.0,17.7
479.5,17.7
480.0,17.6
480.5,17.6
481.0,17.6
481.5,17.6
482.0,17.6
482.5,17.6
483.0,17.5
483.5,17.5
484.0,17.5
484.5,17.5
485.0,17.5
485.5,17.4
486.0,17.4
486.5,17.4
487.0,17.4
487.5,17.4
488.0,17.3
488.5,17.3
489.0,17.3
489.5,17.3
490.0,17.3
490.5,17.3
491.0,17.2
491.5,17.3
492.0,17.2
492.5,17.2
493.0,17.2
493.5,17.2
494.0,17.2
494.5,17.1
495.0,17.1
495.5,17.1
496.0,17.1
496.5,17.1
497.0,17.1
497.5,17
498.0,17
498.5,17
499.0,17
499.5,17
500.0,16.9
500.5,16.9
501.0,16.9
501.5,16.9
502.0,16.8
502.5,16.9
503.0,16.9
503.5,16.8
504.0,16.8
504.5,16.8
505.0,16.8
505.5,16.8
506.0,16.8
506.5,16.8
507.0,16.7
507.5,16.7
508.0,16.7
508.5,16.7
509.0,16.7
509.5,16.7
510.0,16.6
510.5,16.6
511.0,16.6
511.5,16.6
512.0,16.6
512.5,16.6
513.0,16.6
513.5,16.6
514.0,16.6
514.5,16.5
515.0,16.5
515.5,16.5
516.0,16.5
516.5,16.5
517.0,16.5
517.5,16.4
518.0,16.4
518.5,16.4
519.0,16.4
519.5,16.4
520.0,16.4
520.5,16.4
521.0,16.3
521.5,16.3
522.0,16.3
522.5,16.3
523.0,16.3
523.5,16.3
524.0,16.3
524.5,16.3
525.0,16.2
525.5,16.2
526.0,16.2
526.5,16.2
527.0,16.2
527.5,16.2
528.0,16.2
528.5,16.2
529.0,16.1
529.5,16.1
530.0,16.1
530.5,16.1
531.0,16.1
531.5,16.1
532.0,16.1
532.5,16.1
533.0,16
533.5,16
534.0,16
534.5,16
535.0,16
535.5,16
536.0,16
536.5,15.9
537.0,15.9
537.5,15.9
538.0,15.9
538.5,15.9
539.0,15.9
539.5,15.9
540.0,15.8
540.5,15.8
541.0,15.8
541.5,15.8
542.0,15.8
542.5,15.8
543.0,15.8
543.5,15.8
544.0,15.7
544.5,15.7
545.0,15.7
545.5,15.7
546.0,15.7
546.5,15.7
547.0,15.7
547.5,15.7
548.0,15.6
548.5,15.6
549.0,15.6
549.5,15.5
550.0,15.5
550.5,15.5
551.0,15.4
551.5,15.4
552.0,15.4
552.5,15.4
553.0,15.3
553.5,15.3
554.0,15.3
554.5,15.3
555.0,15.3
555.5,15.3
556.0,15.3
556.5,15.3
557.0,15.3
557.5,15.4
558.0,15.3
558.5,15.4
559.0,15.4
559.5,15.4
560.0,15.4
560.5,15.4
561.0,15.5
561.5,15.5
562.0,15.5
562.5,15.5
563.0,15.6
563.5,15.6
564.0,15.6
564.5,15.7
565.0,15.6
565.5,15.7
566.0,15.7
566.5,15.7
567.0,15.7
567.5,15.7
568.0,15.8
568.5,15.8
569.0,15.8
569.5,15.8
570.0,15.8
570.5,15.9
571.0,15.9
571.5,15.9
572.0,15.9
572.5,15.9
573.0,15.9
573.5,15.9
574.0,16
574.5,15.9
575.0,16
575.5,16
576.0,16
576.5,16
577.0,16
577.5,16
578.0,16
578.5,16.1
579.0,16.1
579.5,16.2
580.0,16.2
580.5,16.2
581.0,16.3
581.5,16.3
582.0,16.3
582.5,16.3
583.0,16.4
583.5,16.4
584.0,16.4
584.5,16.4
585.0,16.4
585.5,16.4
586.0,16.3
586.5,16.3
587.0,16.3
587.5,16.3
588.0,16.3
588.5,16.3
589.0,16.3
589.5,16.3
590.0,16.3
590.5,16.4
591.0,16.3
591.5,16.3
592.0,16.3
592.5,16.4
593.0,16.4
593.5,16.4
594.0,16.4
594.5,16.4
595.0,16.4
595.5,16.4
596.0,16.4
596.5,16.4
597.0,16.4
597.5,16.4
598.0,16.4
598.5,16.5
599.0,16.4
599.5,16.5
600.0,16.5
600.5,16.5
601.0,16.5
601.5,16.4
602.0,16.5
602.5,16.5
603.0,16.5
603.5,16.5
604.0,16.5
604.5,16.5
605.0,16.5
605.5,16.5
606.0,16.5
606.5,16.5
607.0,16.5
607.5,16.5
608.0,16.5
608.5,16.5
609.0,16.5
609.5,16.5
610.0,16.5
610.5,16.5
611.0,16.5
611.5,16.5
612.0,16.5
612.5,16.5
613.0,16.5
613.5,16.5
614.0,16.5
614.5,16.5
615.0,16.5
615.5,16.5
616.0,16.5
616.5,16.5
617.0,16.5
617.5,16.5
618.0,16.4
618.5,16.5
619.0,16.5
619.5,16.4
620.0,16.4
620.5,16.5
621.0,16.4
621.5,16.4
622.0,16.4
622.5,16.4
623.0,16.4
623.5,16.4
624.0,16.4
624.5,16.4
625.0,16.4
625.5,16.4
626.0,16.4
626.5,16.4
627.0,16.4
627.5,16.4
628.0,16.4
628.5,16.4
629.0,16.4
629.5,16.5
630.0,16.4
630.5,16.5
631.0,16.4
631.5,16.5
632.0,16.5
632.5,16.5
633.0,16.5
633.5,16.5
634.0,16.5
634.5,16.5
635.0,16.5
635.5,16.5
636.0,16.5
636.5,16.5
637.0,16.5
637.5,16.5
638.0,16.5
638.5,16.5
639.0,16.6
639.5,16.6
640.0,16.6
640.5,16.7
641.0,16.7
641.5,16.7
642.0,16.8
642.5,16.8
643.0,16.9
643.5,17
644.0,17
644.5,17.1
645.0,17.2
645.5,17.2
646.0,17.3
646.5,17.3
647.0,17.4
647.5,17.4
648.0,17.5
648.5,17.6
649.0,17.6
649.5,17.7
650.0,17.8
650.5,17.8
651.0,17.8
651.5,17.9
652.0,17.9
652.5,17.9
653.0,17.9
653.5,17.9
654.0,17.9
654.5,17.9
655.0,17.9
655.5,17.9
656.0,17.9
656.5,17.9
657.0,17.8
657.5,17.8
658.0,17.8
658.5,17.8
659.0,17.7
659.5,17.7
660.0,17.7
660.5,17.6
661.0,17.6
661.5,17.6
662.0,17.5
662.5,17.5
663.0,17.5
663.5,17.4
664.0,17.4
664.5,17.3
665.0,17.3
665.5,17.3
666.0,17.2
666.5,17.2
667.0,17.2
667.5,17.1
668.0,16.9
668.5,16.8
669.0,16.8
669.5,16.7
670.0,16.6
670.5,16.5
671.0,16.5
671.5,16.5
672.0,16.4
672.5,16.3
673.0,16.3
673.5,16.3
674.0,16.2
674.5,16.2
675.0,16.1
675.5,16.1
676.0,16.1
676.5,16
677.0,16
677.5,16
678.0,15.9
678.5,15.9
679.0,15.9
679.5,15.9
680.0,15.8
680.5,15.8
681.0,15.8
681.5,15.8
682.0,15.7
682.5,15.7
683.0,15.7
683.5,15.7
684.0,15.7
684.5,15.7
685.0,15.7
685.5,15.6
686.0,15.6
686.5,15.6
687.0,15.6
687.5,15.6
688.0,15.5
688.5,15.6
689.0,15.5
689.5,15.5
690.0,15.5
690.5,15.6
691.0,15.5
691.5,15.5
692.0,15.5
692.5,15.5
693.0,15.5
693.5,15.5
694.0,15.5
694.5,15.5
695.0,15.4
695.5,15.4
696.0,15.4
696.5,15.4
697.0,15.4
697.5,15.4
698.0,15.4
698.5,15.4
699.0,15.4
699.5,15.4
700.0,15.4
700.5,15.4
701.0,15.4
701.5,15.4
702.0,15.4
702.5,15.4
703.0,15.3
703.5,15.3
704.0,15.4
704.5,15.3
705.0,15.3
705.5,15.3
706.0,15.3
706.5,15.3
707.0,15.3
707.5,15.2
708.0,15.2
708.5,15.3
709.0,15.2
709.5,15.2
710.0,15.2
710.5,15.2
711.0,15.1
711.5,15.1
712.0,15.1
712.5,15.1
713.0,15.1
713.5,15.1
714.0,15.1
714.5,15
715.0,15
715.5,15
716.0,15
716.5,15
717.0,15
717.5,14.9
718.0,15
718.5,14.9
719.0,14.9
719.5,14.9
720.0,14.9
720.5,14.9
721.0,14.9
721.5,14.9
722.0,14.8
722.5,14.8
723.0,14.8
723.5,14.8
724.0,14.8
724.5,14.8
725.0,14.8
725.5,14.8
726.0,14.7
726.5,14.7
727.0,14.7
727.5,14.7
728.0,14.7
728.5,14.7
729.0,14.7
729.5,14.7
730.0,14.7
730.5,14.7
731.0,14.6
731.5,14.6
732.0,14.6
732.5,14.6
733.0,14.6
733.5,14.6
734.0,14.6
734.5,14.6
735.0,14.6
735.5,14.6
736.0,14.6
736.5,14.6
737.0,14.5
737.5,14.5
738.0,14.5
738.5,14.5
739.0,14.5
739.5,14.5
740.0,14.5
740.5,14.5
741.0,14.5
741.5,14.5
742.0,14.5
742.5,14.5
743.0,14.5
743.5,14.5
744.0,14.5
744.5,14.5
745.0,14.4
745.5,14.5
746.0,14.5
746.5,14.4
747.0,14.4
747.5,14.4
748.0,14.4
748.5,14.4
749.0,14.4
749.5,14.4
750.0,14.4
750.5,14.4
751.0,14.4
751.5,14.4
752.0,14.4
752.5,14.4
753.0,14.4
753.5,14.4
754.0,14.4
754.5,14.4
755.0,14.3
755.5,14.3
756.0,14.3
756.5,14.3
757.0,14.3
757.5,14.3
758.0,14.3
758.5,14.3
759.0,14.3
759.5,14.3
760.0,14.3
760.5,14.3
761.0,14.3
761.5,14.2
762.0,14.3
762.5,14.3
763.0,14.2
763.5,14.2
764.0,14.2
764.5,14.2
765.0,14.2
765.5,14.3
766.0,14.2
766.5,14.2
767.0,14.2
767.5,14.2
768.0,14.2
768.5,14.1
769.0,14.2
769.5,14.2
770.0,14.1
770.5,14.1
771.0,14.1
771.5,14.1
772.0,14.2
772.5,14.1
773.0,14.1
773.5,14.1
774.0,14.1
774.5,14.1
775.0,14.1
775.5,14.1
776.0,14.1
776.5,14.1
777.0,14.1
777.5,14.1
778.0,14.1
778.5,14.1
779.0,14.1
779.5,14.1
780.0,14.1
780.5,14.1
781.0,14.1
781.5,14.1
782.0,14.2
782.5,14.2
783.0,14.3
783.5,14.3
784.0,14.3
784.5,14.3
785.0,14.3
785.5,14.3
786.0,14.4
786.5,14.3
787.0,14.4
787.5,14.3
788.0,14.3
788.5,14.3
789.0,14.3
789.5,14.4
790.0,14.3
790.5,14.4
791.0,14.4
791.5,14.4
792.0,14.4
792.5,14.4
793.0,14.4
793.5,14.4
794.0,14.4
794.5,14.4
795.0,14.4
795.5,14.4
796.0,14.4
796.5,14.4
797.0,14.4
797.5,14.4
798.0,14.4
798.5,14.4
799.0,14.4
799.5,14.4
800.0,14.4
800.5,14.4
801.0,14.4
801.5,14.4
802.0,14.4
802.5,14.4
803.0,14.4
803.5,14.4
804.0,14.4
804.5,14.4
805.0,14.4
805.5,14.4
806.0,14.4
806.5,14.4
807.0,14.4
807.5,14.4
808.0,14.4
808.5,14.4
809.0,14.4
809.5,14.4
810.0,14.4
810.5,14.4
811.0,14.4
811.5,14.4
812.0,14.4
812.5,14.4
813.0,14.5
813.5,14.6
814.0,14.7
814.5,14.9
815.0,15.1
815.5,15.4
816.0,15.7
816.5,16
817.0,16.3
817.5,16.7
818.0,17.1
818.5,17.4
819.0,17.8
819.5,18.1
820.0,18.5
820.5,18.8
821.0,19.1
821.5,19.4
822.0,19.6
822.5,19.9
823.0,20.2
823.5,20.5
824.0,20.7
824.5,20.9
825.0,21.1
825.5,21.2
826.0,21.4
826.5,21.6
827.0,21.8
827.5,21.9
828.0,22.1
828.5,22.2
829.0,22.3
829.5,22.5
830.0,22.6
830.5,22.7
831.0,22.8
831.5,22.9
832.0,23
832.5,23
833.0,23.1
833.5,23.2
834.0,23.3
834.5,23.4
835.0,23.4
835.5,23.5
836.0,23.6
836.5,23.6
837.0,23.6
837.5,23.7
838.0,23.7
838.5,23.8
839.0,23.8
839.5,23.9
840.0,23.9
840.5,24
841.0,24
841.5,24
842.0,24
842.5,24.1
843.0,24.1
843.5,24.1
844.0,24.1
844.5,24.2
845.0,24.2
845.5,24.2
846.0,24.2
846.5,24.2
847.0,24.3
847.5,24.3
848.0,24.3
848.5,24.3
849.0,24.4
849.5,24.4
850.0,24.4
850.5,24.4
851.0,24.4
851.5,24.4
852.0,24.4
852.5,24.5
853.0,24.5
853.5,24.5
854.0,24.5
854.5,24.6
855.0,24.5
855.5,24.6
856.0,24.6
856.5,24.6
857.0,24.6
857.5,24.6
858.0,24.6
858.5,24.6
859.0,24.6
859.5,24.6
860.0,24.7
860.5,24.7
861.0,24.7
861.5,24.7
862.0,24.7
862.5,24.7
863.0,24.7
863.5,24.7
864.0,24.7
864.5,24.7
865.0,24.7
865.5,24.7
866.0,24.8
866.5,24.8
867.0,24.8
867.5,24.8
868.0,24.8
868.5,24.8
869.0,24.8
869.5,24.8
870.0,24.8
870.5,24.8
871.0,24.8
871.5,24.8
872.0,24.8
872.5,24.8
873.0,24.8
873.5,24.8
874.0,24.8
874.5,24.8
875.0,24.8
875.5,24.8
876.0,24.8
876.5,24.8
877.0,24.9
877.5,24.8
878.0,24.9
878.5,24.9
879.0,24.8
879.5,24.9
880.0,24.9
880.5,24.9
881.0,24.9
881.5,24.9
882.0,24.9
882.5,24.9
883.0,24.9
883.5,24.9
884.0,24.9
884.5,24.9
885.0,24.9
885.5,24.9
886.0,24.9
886.5,24.9
887.0,24.9
887.5,24.9
888.0,24.9
888.5,24.9
889.0,24.9
889.5,24.9
890.0,24.9
890.5,24.9
891.0,24.9
891.5,24.9
892.0,24.9
892.5,24.9
893.0,24.9
893.5,24.9
894.0,24.9
894.5,24.9
895.0,24.9
895.5,24.9
896.0,24.9
896.5,24.9
897.0,24.9
897.5,24.9
898.0,24.9
898.5,24.9
899.0,24.9
899.5,24.9
900.0,24.9
900.5,24.9
901.0,24.9
901.5,24.9
902.0,24.9
902.5,24.9
903.0,24.9
903.5,24.9
904.0,24.9
904.5,24.9
905.0,24.9
905.5,24.9
906.0,24.9
906.5,24.9
907.0,24.9
907.5,24.9
908.0,24.9
908.5,24.9
909.0,24.9
909.5,24.9
910.0,24.9
910.5,24.9
911.0,24.9
911.5,24.9
912.0,24.9
912.5,24.9
913.0,24.8
913.5,24.9
914.0,24.9
914.5,24.9
915.0,24.9
915.5,24.9
916.0,24.8
916.5,24.9
917.0,24.8
917.5,24.8
918.0,24.8
918.5,24.9
919.0,24.9
919.5,24.8
920.0,24.8
920.5,24.8
921.0,24.8
921.5,24.8
922.0,24.8
922.5,24.8
923.0,24.8
923.5,24.8
924.0,24.8
924.5,24.8
925.0,24.8
925.5,24.8
926.0,24.8
926.5,24.8
927.0,24.8
927.5,24.8
928.0,24.8
928.5,24.8
929.0,24.8
929.5,24.8
930.0,24.8
930.5,24.8
931.0,24.8
931.5,24.7
932.0,24.7
932.5,24.7
933.0,24.7
933.5,24.7
934.0,24.7
934.5,24.7
935.0,24.7
935.5,24.7
936.0,24.7
936.5,24.7
937.0,24.7
937.5,24.7
938.0,24.7
938.5,24.7
939.0,24.7
939.5,24.7
940.0,24.7
940.5,24.7
941.0,24.7
941.5,24.7
942.0,24.7
942.5,24.7
943.0,24.7
943.5,24.7
944.0,24.7
944.5,24.7
945.0,24.7
945.5,24.7
946.0,24.7
946.5,24.7
947.0,24.7
947.5,24.7
948.0,24.7
948.5,24.7
949.0,24.7
949.5,24.7
950.0,24.7
950.5,24.7
951.0,24.6
951.5,24.7
952.0,24.6
952.5,24.7
953.0,24.6
953.5,24.7
954.0,24.6
954.5,24.6
955.0,24.6
955.5,24.6
956.0,24.6
956.5,24.6
957.0,24.6
957.5,24.6
958.0,24.6
958.5,24.6
959.0,24.6
959.5,24.6
960.0,24.6
960.5,24.6
961.0,24.6
961.5,24.6
962.0,24.6
962.5,24.6
963.0,24.6
963.5,24.6
964.0,24.6
964.5,24.6
965.0,24.6
965.5,24.6
966.0,24.6
966.5,24.6
967.0,24.6
967.5,24.6
968.0,24.6
968.5,24.6
969.0,24.6
969.5,24.6
970.0,24.6
970.5,24.6
971.0,24.6
971.5,24.6
972.0,24.6
972.5,24.6
973.0,24.5
973.5,24.5
974.0,24.5
974.5,24.5
975.0,24.5
975.5,24.5
976.0,24.5
976.5,24.5
977.0,24.5
977.5,24.5
978.0,24.4
978.5,24.5
979.0,24.5
979.5,24.5
980.0,24.5
980.5,24.4
981.0,24.4
981.5,24.5
982.0,24.5
982.5,24.4
983.0,24.4
983.5,24.4
984.0,24.4
984.5,24.4
985.0,24.4
985.5,24.4
986.0,24.4
986.5,24.4
987.0,24.4
987.5,24.4
988.0,24.4
988.5,24.4
989.0,24.4
989.5,24.4
990.0,24.4
990.5,24.4
991.0,24.4
991.5,24.4
992.0,24.4
992.5,24.4
993.0,24.4
993.5,24.3
994.0,24.3
994.5,24.4
995.0,24.3
995.5,24.3
996.0,24.4
996.5,24.3
997.0,24.3
997.5,24.3
998.0,24.3
998.5,24.3
999.0,24.3
999.5,24.3
1000.0,24.3
1000.5,24.3
1001.0,24.3
1001.5,24.3
1002.0,24.3
1002.5,24.3
1003.0,24.3
1003.5,24.3
1004.0,24.3
1004.5,24.3
1005.0,24.3
1005.5,24.3
1006.0,24.3
1006.5,24.3
1007.0,24.3
1007.5,24.3
1008.0,24.3
1008.5,24.3
1009.0,24.3
1009.5,24.3
1010.0,24.3
1010.5,24.3
1011.0,24.3
1011.5,24.3
1012.0,24.3
1012.5,24.2
1013.0,24.3
1013.5,24.3
1014.0,24.3
1014.5,24.2
1015.0,24.3
1015.5,24.2
1016.0,24.3
1016.5,24.3
1017.0,24.2
1017.5,24.2
1018.0,24.2
1018.5,24.2
1019.0,24.3
1019.5,24.2
1020.0,24.2
1020.5,24.2
1021.0,24.2
1021.5,24.2
1022.0,24.2
1022.5,24.2
1023.0,24.2
1023.5,24.2
1024.0,24.2
1024.5,24.2
1025.0,24.2
1025.5,24.2
1026.0,24.2
1026.5,24.2
1027.0,24.2
1027.5,24.2
1028.0,24.2
1028.5,24.2
1029.0,24.2
1029.5,24.2
1030.0,24.2
1030.5,24.1
1031.0,24.1
1031.5,24.2
1032.0,24.1
1032.5,24.1
1033.0,24.1
1033.5,24.1
1034.0,24.1
1034.5,24.1
1035.0,24.1
1035.5,24.1
1036.0,24.1
1036.5,24.1
1037.0,24.1
1037.5,24.1
1038.0,24.1
1038.5,24.1
1039.0,24.1
1039.5,24.1
1040.0,24.1
1040.5,24.1
1041.0,24.1
1041.5,24.1
1042.0,24.1
1042.5,24.1
1043.0,24.1
1043.5,24.1
1044.0,24.1
1044.5,24.1
1045.0,24.1
1045.5,24.1
1046.0,24.1
1046.5,24.1
1047.0,24
1047.5,24.1
1048.0,24
1048.5,24
1049.0,24
1049.5,24
1050.0,24
1050.5,24
1051.0,24
1051.5,24
1052.0,24
1052.5,24
1053.0,24
1053.5,24
1054.0,24
1054.5,24
1055.0,24
1055.5,24
1056.0,24
1056.5,23.9
1057.0,23.9
1057.5,23.9
1058.0,23.9
1058.5,23.9
1059.0,23.9
1059.5,23.9
1060.0,23.8
1060.5,23.8
1061.0,23.8
1061.5,23.8
1062.0,23.7
1062.5,23.7
1063.0,23.6
1063.5,23.6
1064.0,23.6
1064.5,23.5
1065.0,23.5
1065.5,23.5
1066.0,23.4
1066.5,23.4
1067.0,23.3
1067.5,23.3
1068.0,23.2
1068.5,23.2
1069.0,23.1
1069.5,23.1
1070.0,23.1
1070.5,23
1071.0,22.9
1071.5,22.9
1072.0,22.8
1072.5,22.8
1073.0,22.8
1073.5,22.7
1074.0,22.7
1074.5,22.6
1075.0,22.6
1075.5,22.6
1076.0,22.5
1076.5,22.5
1077.0,22.5
1077.5,22.4
1078.0,22.4
1078.5,22.4
1079.0,22.3
1079.5,22.3
1080.0,22.3
1080.5,22.3
1081.0,22.2
1081.5,22.2
1082.0,22.1
1082.5,22.1
1083.0,22.1
1083.5,22.1
1084.0,22
1084.5,22
1085.0,22
1085.5,21.9
1086.0,21.9
1086.5,21.9
1087.0,21.9
1087.5,21.9
1088.0,21.8
1088.5,21.8
1089.0,21.8
1089.5,21.8
1090.0,21.8
1090.5,21.7
1091.0,21.7
1091.5,21.7
1092.0,21.7
1092.5,21.7
1093.0,21.6
1093.5,21.6
1094.0,21.6
1094.5,21.6
1095.0,21.5
1095.5,21.5
1096.0,21.5
1096.5,21.5
1097.0,21.5
1097.5,21.4
1098.0,21.4
1098.5,21.4
1099.0,21.3
1099.5,21.4
1100.0,21.3
1100.5,21.3
1101.0,21.3
1101.5,21.3
1102.0,21.2
1102.5,21.2
1103.0,21.2
1103.5,21.2
1104.0,21.2
1104.5,21.2
1105.0,21.2
1105.5,21.1
1106.0,21.1
1106.5,21.1
1107.0,21.1
1107.5,21.1
1108.0,21.1
1108.5,21.1
1109.0,21
1109.5,21
1110.0,21
1110.5,21
1111.0,21
1111.5,21
1112.0,21
1112.5,20.9
1113.0,20.9
1113.5,20.9
1114.0,20.9
1114.5,20.9
1115.0,20.9
1115.5,20.9
1116.0,20.9
1116.5,20.9
1117.0,20.8
1117.5,20.8
1118.0,20.8
1118.5,20.8
1119.0,20.8
1119.5,20.8
1120.0,20.8
1120.5,20.8
1121.0,20.8
1121.5,20.7
1122.0,20.7
1122.5,20.7
1123.0,20.7
1123.5,20.7
1124.0,20.7
1124.5,20.7
1125.0,20.7
1125.5,20.7
1126.0,20.7
1126.5,20.6
1127.0,20.6
1127.5,20.6
1128.0,20.6
1128.5,20.6
1129.0,20.6
1129.5,20.6
1130.0,20.6
1130.5,20.6
1131.0,20.5
1131.5,20.5
1132.0,20.5
1132.5,20.5
1133.0,20.5
1133.5,20.5
1134.0,20.5
1134.5,20.5
1135.0,20.5
1135.5,20.5
1136.0,20.5
1136.5,20.4
1137.0,20.4
1137.5,20.4
1138.0,20.4
1138.5,20.4
1139.0,20.4
1139.5,20.4
1140.0,20.4
1140.5,20.4
1141.0,20.3
1141.5,20.4
1142.0,20.3
1142.5,20.3
1143.0,20.3
1143.5,20.3
1144.0,20.3
1144.5,20.3
1145.0,20.3
1145.5,20.3
1146.0,20.3
1146.5,20.3
1147.0,20.3
1147.5,20.2
1148.0,20.2
1148.5,20.2
1149.0,20.2
1149.5,20.2
1150.0,20.2
1150.5,20.2
1151.0,20.2
1151.5,20.2
1152.0,20.2
1152.5,20.2
1153.0,20.2
1153.5,20.2
1154.0,20.2
1154.5,20.1
1155.0,20.1
1155.5,20.1
1156.0,20.1
1156.5,20.1
1157.0,20.1
1157.5,20.1
1158.0,20.1
1158.5,20.1
1159.0,20.1
1159.5,20.1
1160.0,20
1160.5,20.1
1161.0,20.1
1161.5,20.1
1162.0,20.1
1162.5,20.1
1163.0,20.1
1163.5,20
1164.0,20
1164.5,20
1165.0,20
1165.5,20
1166.0,20
1166.5,20
1167.0,20
1167.5,20
1168.0,20
1168.5,20
1169.0,20
1169.5,20
1170.0,20
1170.5,20
1171.0,19.9
1171.5,19.9
1172.0,20
1172.5,20
1173.0,19.9
1173.5,19.9
1174.0,19.9
1174.5,19.9
1175.0,19.9
1175.5,19.9
1176.0,19.9
1176.5,19.9
1177.0,19.9
1177.5,19.9
1178.0,19.9
1178.5,19.9
1179.0,19.9
1179.5,19.9
1180.0,19.9
1180.5,19.9
1181.0,19.9
1181.5,19.9
1182.0,19.8
1182.5,19.9
1183.0,19.8
1183.5,19.8
1184.0,19.8
1184.5,19.8
1185.0,19.9
1185.5,19.8
1186.0,19.8
1186.5,19.8
1187.0,19.8
1187.5,19.8
1188.0,19.8
1188.5,19.8
1189.0,19.8
1189.5,19.8
1190.0,19.7
1190.5,19.8
1191.0,19.8
1191.5,19.8
1192.0,19.7
1192.5,19.7
1193.0,19.7
1193.5,19.7
1194.0,19.7
1194.5,19.7
1195.0,19.7
1195.5,19.7
1196.0,19.6
1196.5,19.6
1197.0,19.7
1197.5,19.7
1198.0,19.6
1198.5,19.6
1199.0,19.6
1199.5,19.6
1200.0,19.6
1200.5,19.6
1201.0,19.6
1201.5,19.6
1202.0,19.6
1202.5,19.6
1203.0,19.6
1203.5,19.6
1204.0,19.6
1204.5,19.6
1205.0,19.6
1205.5,19.5
1206.0,19.5
1206.5,19.6
1207.0,19.5
1207.5,19.5
1208.0,19.5
1208.5,19.5
1209.0,19.5
1209.5,19.5
1210.0,19.5
1210.5,19.5
1211.0,19.5
1211.5,19.5
1212.0,19.5
1212.5,19.5
1213.0,19.5
1213.5,19.5
1214.0,19.5
1214.5,19.5
1215.0,19.5
1215.5,19.4
1216.0,19.4
1216.5,19.5
1217.0,19.4
1217.5,19.4
1218.0,19.4
1218.5,19.5
1219.0,19.4
1219.5,19.4
1220.0,19.4
1220.5,19.4
1221.0,19.4
1221.5,19.4
1222.0,19.4
1222.5,19.4
1223.0,19.4
1223.5,19.4
1224.0,19.4
1224.5,19.4
1225.0,19.4
1225.5,19.4
1226.0,19.4
1226.5,19.3
1227.0,19.4
1227.5,19.3
1228.0,19.4
1228.5,19.4
1229.0,19.4
1229.5,19.3
1230.0,19.3
1230.5,19.3
1231.0,19.3
1231.5,19.3
1232.0,19.3
1232.5,19.3
1233.0,19.3
1233.5,19.3
1234.0,19.3
1234.5,19.2
1235.0,19.2
1235.5,19.2
1236.0,19.2
1236.5,19.2
1237.0,19.2
1237.5,19.2
1238.0,19.2
1238.5,19.2
1239.0,19.2
1239.5,19.1
1240.0,19.1
1240.5,19.1
1241.0,19.1
1241.5,19.1
1242.0,19.1
1242.5,19.1
1243.0,19.1
1243.5,19.1
1244.0,19.1
1244.5,19
1245.0,19.1
1245.5,19
1246.0,19
1246.5,19
1247.0,19
1247.5,19
1248.0,19
1248.5,19
1249.0,19
1249.5,18.9
1250.0,18.9
1250.5,19
1251.0,19
1251.5,18.9
1252.0,19
1252.5,18.9
1253.0,18.9
1253.5,18.9
1254.0,18.9
1254.5,18.9
1255.0,18.9
1255.5,18.9
1256.0,18.9
1256.5,18.9
1257.0,18.9
1257.5,18.9
1258.0,18.9
1258.5,18.9
1259.0,18.8
1259.5,18.9
1260.0,18.8
1260.5,18.8
1261.0,18.8
1261.5,18.8
1262.0,18.8
1262.5,18.8
1263.0,18.8
1263.5,18.8
1264.0,18.8
1264.5,18.8
1265.0,18.8
1265.5,18.8
1266.0,18.8
1266.5,18.8
1267.0,18.8
1267.5,18.8
1268.0,18.8
1268.5,18.7
1269.0,18.7
1269.5,18.8
1270.0,18.7
1270.5,18.7
1271.0,18.7
1271.5,18.7
1272.0,18.7
1272.5,18.7
1273.0,18.7
1273.5,18.7
1274.0,18.7
1274.5,18.7
1275.0,18.7
1275.5,18.7
1276.0,18.7
1276.5,18.7
1277.0,18.7
1277.5,18.7
1278.0,18.7
1278.5,18.7
1279.0,18.7
1279.5,18.7
1280.0,18.7
1280.5,18.7
1281.0,18.7
1281.5,18.7
1282.0,18.7
1282.5,18.7
1283.0,18.7
1283.5,18.7
1284.0,18.7
1284.5,18.6
1285.0,18.7
1285.5,18.7
1286.0,18.6
1286.5,18.6
1287.0,18.6
1287.5,18.7
1288.0,18.6
1288.5,18.7
1289.0,18.6
1289.5,18.6
1290.0,18.6
1290.5,18.6
1291.0,18.6
1291.5,18.6
1292.0,18.6
1292.5,18.6
1293.0,18.6
1293.5,18.6
1294.0,18.6
1294.5,18.6
1295.0,18.6
1295.5,18.6
1296.0,18.6
1296.5,18.6
1297.0,18.6
1297.5,18.6
1298.0,18.6
1298.5,18.6
1299.0,18.6
1299.5,18.6
1300.0,18.6
1300.5,18.6
1301.0,18.6
1301.5,18.6
1302.0,18.6
1302.5,18.6
1303.0,18.6
1303.5,18.6
1304.0,18.6
1304.5,18.6
1305.0,18.6
1305.5,18.6
1306.0,18.6
1306.5,18.6
1307.0,18.6
1307.5,18.6
1308.0,18.6
1308.5,18.6
1309.0,18.6
1309.5,18.6
1310.0,18.6
1310.5,18.6
1311.0,18.5
1311.5,18.6
1312.0,18.6
1312.5,18.6
1313.0,18.6
1313.5,18.5
1314.0,18.5
1314.5,18.6
1315.0,18.5
1315.5,18.6
1316.0,18.5
1316.5,18.5
1317.0,18.5
1317.5,18.5
1318.0,18.5
1318.5,18.5
1319.0,18.5
1319.5,18.5
1320.0,18.5
1320.5,18.5
1321.0,18.5
1321.5,18.5
1322.0,18.5
1322.5,18.5
1323.0,18.5
1323.5,18.5
1324.0,18.5
1324.5,18.5
1325.0,18.5
1325.5,18.5
1326.0,18.5
1326.5,18.5
1327.0,18.5
1327.5,18.5
1328.0,18.5
1328.5,18.5
1329.0,18.5
1329.5,18.5
1330.0,18.5
1330.5,18.5
1331.0,18.5
1331.5,18.5
1332.0,18.5
1332.5,18.5
1333.0,18.5
1333.5,18.5
1334.0,18.5
1334.5,18.5
1335.0,18.5
1335.5,18.5
1336.0,18.4
1336.5,18.4
1337.0,18.5
1337.5,18.4
1338.0,18.4
1338.5,18.4
1339.0,18.4
1339.5,18.4
1340.0,18.4
1340.5,18.4
1341.0,18.3
1341.5,18.3
1342.0,18.3
1342.5,18.3
1343.0,18.3
1343.5,18.3
1344.0,18.3
1344.5,18.2
1345.0,18.3
1345.5,18.2
1346.0,18.2
1346.5,18.2
1347.0,18.2
1347.5,18.2
1348.0,18.1
1348.5,18.1
1349.0,18.1
1349.5,18.1
1350.0,18.1
1350.5,18.1
1351.0,18.1
1351.5,18.1
1352.0,18.1
1352.5,18
1353.0,18
1353.5,18
1354.0,18
1354.5,18
1355.0,18
1355.5,18
1356.0,18
1356.5,18
1357.0,18
1357.5,18
1358.0,17.9
1358.5,17.9
1359.0,17.9
1359.5,17.9
1360.0,17.9
1360.5,17.9
1361.0,17.9
1361.5,17.9
1362.0,17.9
1362.5,17.9
1363.0,17.9
1363.5,17.9
1364.0,17.9
1364.5,17.9
1365.0,17.9
1365.5,17.9
1366.0,17.9
1366.5,17.9
1367.0,17.9
1367.5,17.9
1368.0,17.8
1368.5,17.9
1369.0,17.8
1369.5,17.8
1370.0,17.8
1370.5,17.8
1371.0,17.8
1371.5,17.8
1372.0,17.8
1372.5,17.8
1373.0,17.8
1373.5,17.8
1374.0,17.8
1374.5,17.8
1375.0,17.8
1375.5,17.8
1376.0,17.8
1376.5,17.8
1377.0,17.8
1377.5,17.8
1378.0,17.8
1378.5,17.8
1379.0,17.8
1379.5,17.8
1380.0,17.8
1380.5,17.7
1381.0,17.8
1381.5,17.7
1382.0,17.7
1382.5,17.7
1383.0,17.7
1383.5,17.7
1384.0,17.7
1384.5,17.7
1385.0,17.7
1385.5,17.7
1386.0,17.7
1386.5,17.7
1387.0,17.7
1387.5,17.7
1388.0,17.7
1388.5,17.7
1389.0,17.7
1389.5,17.7
1390.0,17.7
1390.5,17.7
1391.0,17.7
1391.5,17.7
1392.0,17.7
1392.5,17.7
1393.0,17.7
1393.5,17.7
1394.0,17.7
1394.5,17.7
1395.0,17.7
1395.5,17.7
1396.0,17.7
1396.5,17.7
1397.0,17.7
1397.5,17.7
1398.0,17.7
1398.5,17.7
1399.0,17.7
1399.5,17.7
1400.0,17.7
1400.5,17.7
1401.0,17.7
1401.5,17.7
1402.0,17.7
1402.5,17.7
1403.0,17.7
1403.5,17.8
1404.0,17.7
1404.5,17.7
1405.0,17.8
1405.5,17.7
1406.0,17.7
1406.5,17.7
1407.0,17.7
1407.5,17.7
1408.0,17.7
1408.5,17.7
1409.0,17.7
1409.5,17.7
1410.0,17.7
1410.5,17.7
1411.0,17.7
1411.5,17.6
1412.0,17.6
1412.5,17.6
1413.0,17.6
1413.5,17.6
1414.0,17.6
1414.5,17.6
1415.0,17.6
1415.5,17.6
1416.0,17.6
1416.5,17.6
1417.0,17.6
1417.5,17.6
1418.0,17.6
1418.5,17.6
1419.0,17.6
1419.5,17.6
1420.0,17.6
1420.5,17.6
1421.0,17.6
1421.5,17.6
1422.0,17.6
1422.5,17.6
1423.0,17.6
1423.5,17.6
1424.0,17.6
1424.5,17.6
1425.0,17.6
1425.5,17.6
1426.0,17.6
1426.5,17.6
1427.0,17.6
1427.5,17.6
1428.0,17.6
1428.5,17.6
1429.0,17.6
1429.5,17.6
1430.0,17.6
1430.5,17.6
1431.0,17.6
1431.5,17.6
1432.0,17.6
1432.5,17.6
1433.0,17.6
1433.5,17.6
1434.0,17.6
1434.5,17.6
1435.0,17.6
1435.5,17.6
1436.0,17.6
1436.5,17.7
1437.0,17.6
1437.5,17.6
1438.0,17.6
1438.5,17.6
1439.0,17.6
1439.5,17.7
1440.0,17.6
1440.5,17.7
1441.0,17.7
1441.5,17.7
1442.0,17.7
1442.5,17.7
1443.0,17.7
1443.5,17.7
1444.0,17.7
1444.5,17.7
1445.0,17.7
1445.5,17.7
1446.0,17.7
1446.5,17.7
1447.0,17.7
1447.5,17.7
1448.0,17.7
1448.5,17.7
1449.0,17.7
1449.5,17.7
1450.0,17.7
1450.5,17.7
1451.0,17.7
1451.5,17.7
1452.0,17.7
1452.5,17.7
1453.0,17.7
1453.5,17.7
1454.0,17.7
1454.5,17.7
1455.0,17.7
1455.5,17.7
1456.0,17.7
1456.5,17.7
1457.0,17.7
1457.5,17.7
1458.0,17.7
1458.5,17.7
1459.0,17.7
1459.5,17.7
1460.0,17.7
1460.5,17.7
1461.0,17.7
1461.5,17.7
1462.0,17.7
1462.5,17.6
1463.0,17.6
1463.5,17.6
1464.0,17.7
1464.5,17.6
1465.0,17.6
1465.5,17.6
1466.0,17.6
1466.5,17.6
1467.0,17.6
1467.5,17.6
1468.0,17.6
1468.5,17.6
1469.0,17.6
1469.5,17.6
1470.0,17.6
1470.5,17.6
1471.0,17.6
1471.5,17.5
1472.0,17.6
1472.5,17.5
1473.0,17.5
1473.5,17.5
1474.0,17.5
1474.5,17.5
1475.0,17.5
1475.5,17.5
1476.0,17.5
1476.5,17.5
1477.0,17.5
1477.5,17.5
1478.0,17.5
1478.5,17.5
1479.0,17.5
1479.5,17.5
1480.0,17.5
1480.5,17.5
1481.0,17.5
1481.5,17.5
1482.0,17.5
1482.5,17.5
1483.0,17.5
1483.5,17.5
1484.0,17.4
1484.5,17.5
1485.0,17.4
1485.5,17.4
1486.0,17.4
1486.5,17.4
1487.0,17.4
1487.5,17.4
1488.0,17.4
1488.5,17.4
1489.0,17.4
1489.5,17.4
1490.0,17.4
1490.5,17.4
1491.0,17.4
1491.5,17.4
1492.0,17.4
1492.5,17.4
1493.0,17.4
1493.5,17.4
1494.0,17.4
1494.5,17.4
1495.0,17.4
1495.5,17.3
1496.0,17.4
1496.5,17.4
1497.0,17.4
1497.5,17.4
1498.0,17.4
1498.5,17.4
1499.0,17.3
1499.5,17.4
1500.0,17.3
1500.5,17.3
1501.0,17.4
1501.5,17.3
1502.0,17.4
1502.5,17.3
1503.0,17.3
1503.5,17.3
1504.0,17.4
1504.5,17.3
1505.0,17.3
1505.5,17.3
1506.0,17.3
1506.5,17.3
1507.0,17.3
1507.5,17.3
1508.0,17.3
1508.5,17.3
1509.0,17.3
1509.5,17.3
1510.0,17.3
1510.5,17.3
1511.0,17.3
1511.5,17.3
1512.0,17.3
1512.5,17.3
1513.0,17.3
1513.5,17.3
1514.0,17.3
1514.5,17.3
1515.0,17.3
1515.5,17.3
1516.0,17.3
1516.5,17.3
1517.0,17.3
1517.5,17.3
1518.0,17.3
1518.5,17.3
1519.0,17.3
1519.5,17.3
1520.0,17.3
1520.5,17.3
1521.0,17.3
1521.5,17.3
1522.0,17.3
1522.5,17.3
1523.0,17.2
1523.5,17.3
1524.0,17.3
1524.5,17.3
1525.0,17.3
1525.5,17.3
1526.0,17.3
1526.5,17.3
1527.0,17.2
1527.5,17.3
1528.0,17.3
1528.5,17.2
1529.0,17.3
1529.5,17.3
1530.0,17.2
1530.5,17.3
1531.0,17.2
1531.5,17.2
1532.0,17.2
1532.5,17.2
1533.0,17.2
1533.5,17.2
1534.0,17.2
1534.5,17.2
1535.0,17.2
1535.5,17.2
1536.0,17.2
1536.5,17.2
1537.0,17.2
1537.5,17.2
1538.0,17.2
1538.5,17.2
1539.0,17.2
1539.5,17.2
1540.0,17.2
1540.5,17.2
1541.0,17.2
1541.5,17.3
1542.0,17.2
1542.5,17.2
1543.0,17.2
1543.5,17.2
1544.0,17.2
1544.5,17.2
1545.0,17.2
1545.5,17.2
1546.0,17.2
1546.5,17.2
1547.0,17.2
1547.5,17.2
1548.0,17.2
1548.5,17.2
1549.0,17.2
1549.5,17.2
1550.0,17.2
1550.5,17.2
1551.0,17.2
1551.5,17.2
1552.0,17.2
1552.5,17.2
1553.0,17.2
1553.5,17.2
1554.0,17.2
1554.5,17.2
1555.0,17.2
1555.5,17.2
1556.0,17.2
1556.5,17.2
1557.0,17.2
1557.5,17.2
1558.0,17.2
1558.5,17.2
1559.0,17.2
1559.5,17.2
1560.0,17.2
1560.5,17.2
1561.0,17.2
1561.5,17.2
1562.0,17.2
1562.5,17.2
1563.0,17.2
1563.5,17.2
1564.0,17.2
1564.5,17.2
1565.0,17.2
1565.5,17.2
1566.0,17.2
1566.5,17.2
1567.0,17.2
1567.5,17.2
1568.0,17.2
1568.5,17.2
1569.0,17.2
1569.5,17.2
1570.0,17.2
1570.5,17.2
1571.0,17.2
1571.5,17.2
1572.0,17.2
1572.5,17.2
1573.0,17.2
1573.5,17.2
1574.0,17.2
1574.5,17.2
1575.0,17.2
1575.5,17.2
1576.0,17.2
1576.5,17.2
1577.0,17.2
1577.5,17.2
1578.0,17.2
1578.5,17.2
1579.0,17.2
1579.5,17.2
1580.0,17.2
1580.5,17.2
1581.0,17.2
1581.5,17.2
1582.0,17.2
1582.5,17.2
1583.0,17.2
1583.5,17.2
1584.0,17.2
1584.5,17.2
1585.0,17.2
1585.5,17.2
1586.0,17.2
1586.5,17.3
1587.0,17.2
1587.5,17.2
1588.0,17.2
1588.5,17.2
1589.0,17.2
1589.5,17.2
1590.0,17.2
1590.5,17.2
1591.0,17.2
1591.5,17.3
1592.0,17.2
1592.5,17.2
1593.0,17.2
1593.5,17.3
1594.0,17.2
1594.5,17.2
1595.0,17.2
1595.5,17.2
1596.0,17.2
1596.5,17.3
1597.0,17.2
1597.5,17.2
1598.0,17.2
1598.5,17.2
1599.0,17.3
1599.5,17.2
1600.0,17.2
1600.5,17.2
1601.0,17.3
1601.5,17.2
1602.0,17.2
1602.5,17.2
1603.0,17.3
1603.5,17.2
1604.0,17.2
1604.5,17.2
1605.0,17.2
1605.5,17.2
1606.0,17.2
1606.5,17.2
1607.0,17.2
1607.5,17.2
1608.0,17.2
1608.5,17.3
1609.0,17.2
1609.5,17.2
1610.0,17.2
1610.5,17.3
1611.0,17.3
1611.5,17.3
1612.0,17.3
1612.5,17.3
1613.0,17.3
1613.5,17.2
1614.0,17.3
1614.5,17.3
1615.0,17.3
1615.5,17.3
1616.0,17.2
1616.5,17.3
1617.0,17.3
1617.5,17.3
1618.0,17.3
1618.5,17.3
1619.0,17.3
1619.5,17.3
1620.0,17.3
1620.5,17.3
1621.0,17.3
1621.5,17.2
1622.0,17.2
1622.5,17.2
1623.0,17.2
1623.5,17.2
1624.0,17.2
1624.5,17.2
1625.0,17.2
1625.5,17.2
1626.0,17.2
1626.5,17.1
1627.0,17.1
1627.5,17.1
1628.0,17.1
1628.5,17.1
1629.0,17.1
1629.5,17.1
1630.0,17.1
1630.5,17
1631.0,17
1631.5,17.1
1632.0,17
1632.5,17
1633.0,17
1633.5,17
1634.0,17
1634.5,17
1635.0,16.9
1635.5,16.9
1636.0,16.9
1636.5,16.9
1637.0,16.9
1637.5,16.9
1638.0,16.9
1638.5,16.9
1639.0,16.9
1639.5,16.9
1640.0,16.8
1640.5,16.9
1641.0,16.9
1641.5,16.8
1642.0,16.8
1642.5,16.8
1643.0,16.8
1643.5,16.8
1644.0,16.8
1644.5,16.8
1645.0,16.8
1645.5,16.8
1646.0,16.7
1646.5,16.7
1647.0,16.7
1647.5,16.8
1648.0,16.7
1648.5,16.7
1649.0,16.7
1649.5,16.7
1650.0,16.7
1650.5,16.7
1651.0,16.7
1651.5,16.7
1652.0,16.7
1652.5,16.7
1653.0,16.7
1653.5,16.7
1654.0,16.7
1654.5,16.7
1655.0,16.7
1655.5,16.7
1656.0,16.7
1656.5,16.7
1657.0,16.6
1657.5,16.7
1658.0,16.6
1658.5,16.6
1659.0,16.6
1659.5,16.6
1660.0,16.6
1660.5,16.6
1661.0,16.6
1661.5,16.6
1662.0,16.6
1662.5,16.6
1663.0,16.6
1663.5,16.6
1664.0,16.6
1664.5,16.6
1665.0,16.6
1665.5,16.5
1666.0,16.5
1666.5,16.5
1667.0,16.5
1667.5,16.5
1668.0,16.5
1668.5,16.5
1669.0,16.5
1669.5,16.5
1670.0,16.5
1670.5,16.5
1671.0,16.5
1671.5,16.5
1672.0,16.5
1672.5,16.5
1673.0,16.5
1673.5,16.5
1674.0,16.5
1674.5,16.5
1675.0,16.4
1675.5,16.4
1676.0,16.4
1676.5,16.4
1677.0,16.4
1677.5,16.4
1678.0,16.4
1678.5,16.4
1679.0,16.4
1679.5,16.4
1680.0,16.4
1680.5,16.4
1681.0,16.4
1681.5,16.4
1682.0,16.5
1682.5,16.4
1683.0,16.4
1683.5,16.4
1684.0,16.4
1684.5,16.4
1685.0,16.4
1685.5,16.4
1686.0,16.4
1686.5,16.4
1687.0,16.4
1687.5,16.4
1688.0,16.4
1688.5,16.4
1689.0,16.4
1689.5,16.4
1690.0,16.4
1690.5,16.4
1691.0,16.4
1691.5,16.4
1692.0,16.4
1692.5,16.4
1693.0,16.4
1693.5,16.4
1694.0,16.4
1694.5,16.4
1695.0,16.4
1695.5,16.4
1696.0,16.4
1696.5,16.4
1697.0,16.4
1697.5,16.4
1698.0,16.4
1698.5,16.4
1699.0,16.4
1699.5,16.4
1700.0,16.4
1700.5,16.4
1701.0,16.4
1701.5,16.4
1702.0,16.4
1702.5,16.4
1703.0,16.4
1703.5,16.4
1704.0,16.4
1704.5,16.3
1705.0,16.4
1705.5,16.4
1706.0,16.4
1706.5,16.4
1707.0,16.3
1707.5,16.4
1708.0,16.4
1708.5,16.4
1709.0,16.4
1709.5,16.3
1710.0,16.4
1710.5,16.3
1711.0,16.3
1711.5,16.4
1712.0,16.4
1712.5,16.3
1713.0,16.4
1713.5,16.3
1714.0,16.3
1714.5,16.3
1715.0,16.3
1715.5,16.3
1716.0,16.3
1716.5,16.3
1717.0,16.3
1717.5,16.3
1718.0,16.3
1718.5,16.3
1719.0,16.3
1719.5,16.3
1720.0,16.3
1720.5,16.3
1721.0,16.3
1721.5,16.3
1722.0,16.3
1722.5,16.3
1723.0,16.3
1723.5,16.3
1724.0,16.3
1724.5,16.3
1725.0,16.3
1725.5,16.3
1726.0,16.3
1726.5,16.3
1727.0,16.3
1727.5,16.3
1728.0,16.3
1728.5,16.3
1729.0,16.3
1729.5,16.3
1730.0,16.3
1730.5,16.3
1731.0,16.3
1731.5,16.3
1732.0,16.3
1732.5,16.3
1733.0,16.2
1733.5,16.3
1734.0,16.3
1734.5,16.3
1735.0,16.2
1735.5,16.2
1736.0,16.2
1736.5,16.2
1737.0,16.2
1737.5,16.2
1738.0,16.2
1738.5,16.2
1739.0,16.2
1739.5,16.2
1740.0,16.2
1740.5,16.2
1741.0,16.2
1741.5,16.2
1742.0,16.2
1742.5,16.2
1743.0,16.2
1743.5,16.2
1744.0,16.2
1744.5,16.2
1745.0,16.2
1745.5,16.2
1746.0,16.2
1746.5,16.1
1747.0,16.1
1747.5,16.2
1748.0,16.1
1748.5,16.1
1749.0,16.1
1749.5,16.1
1750.0,16.1
1750.5,16.1
1751.0,16.1
1751.5,16.1
1752.0,16.1
1752.5,16.1
1753.0,16.1
1753.5,16.1
1754.0,16.1
1754.5,16.1
1755.0,16.1
1755.5,16.1
1756.0,16.1
1756.5,16.1
1757.0,16.1
1757.5,16.1
1758.0,16
1758.5,16.1
1759.0,16.1
1759.5,16.1
1760.0,16
1760.5,16.1
1761.0,16
1761.5,16.1
1762.0,16
1762.5,16.1
1763.0,16.1
1763.5,16.1
1764.0,16.1
1764.5,16.1
1765.0,16.1
1765.5,16.1
1766.0,16.1
1766.5,16.1
1767.0,16.1
1767.5,16.1
1768.0,16.1
1768.5,16.1
1769.0,16.1
1769.5,16.1
1770.0,16.1
1770.5,16.1
1771.0,16.1
1771.5,16.1
1772.0,16.1
1772.5,16.1
1773.0,16.1
1773.5,16.1
1774.0,16.1
1774.5,16.1
1775.0,16.1
1775.5,16
1776.0,16.1
1776.5,16.1
1777.0,16.1
1777.5,16.1
1778.0,16.1
1778.5,16.1
1779.0,16.1
1779.5,16.1
1780.0,16.1
1780.5,16.1
1781.0,16.1
1781.5,16.1
1782.0,16.1
1782.5,16.1
1783.0,16.1
1783.5,16.1
1784.0,16
1784.5,16.1
1785.0,16.1
1785.5,16.1
1786.0,16
1786.5,16.1
1787.0,16.1
1787.5,16.1
1788.0,16
1788.5,16
1789.0,16.1
1789.5,16
1790.0,16
1790.5,16
1791.0,16
1791.5,16
1792.0,16
1792.5,16
1793.0,16
1793.5,16
1794.0,16
1794.5,16
1795.0,16
1795.5,16
1796.0,16
1796.5,16
1797.0,16
1797.5,16
1798.0,16
1798.5,16
1799.0,16
1799.5,16
1800.0,16
1800.5,16
1801.0,16
1801.5,16
1802.0,16
1802.5,16
1803.0,16
1803.5,16
1804.0,16
1804.5,16
1805.0,16
1805.5,16
1806.0,16
1806.5,16
1807.0,16
1807.5,16
1808.0,16
1808.5,15.9
1809.0,15.9
1809.5,15.9
1810.0,16
1810.5,15.9
1811.0,15.9
1811.5,15.9
1812.0,15.9
1812.5,15.9
1813.0,15.9
1813.5,15.9
1814.0,15.9
1814.5,15.9
1815.0,15.9
1815.5,15.9
1816.0,15.9
1816.5,15.9
1817.0,15.9
1817.5,15.9
1818.0,15.9
1818.5,15.9
1819.0,15.9
1819.5,15.9
1820.0,15.9
1820.5,15.9
1821.0,15.9
1821.5,15.9
1822.0,15.9
1822.5,15.9
1823.0,15.9
1823.5,15.9
1824.0,15.9
1824.5,15.9
1825.0,15.8
1825.5,15.9
1826.0,15.9
1826.5,15.8
1827.0,15.8
1827.5,15.8
1828.0,15.8
1828.5,15.8
1829.0,15.8
1829.5,15.8
1830.0,15.8
1830.5,15.8
1831.0,15.8
1831.5,15.8
1832.0,15.8
1832.5,15.8
1833.0,15.7
1833.5,15.8
1834.0,15.8
1834.5,15.7
1835.0,15.7
1835.5,15.7
1836.0,15.8
1836.5,15.7
1837.0,15.7
1837.5,15.7
1838.0,15.7
1838.5,15.7
1839.0,15.7
1839.5,15.7
1840.0,15.7
1840.5,15.7
1841.0,15.7
1841.5,15.7
1842.0,15.7
1842.5,15.6
1843.0,15.6
1843.5,15.7
1844.0,15.7
1844.5,15.6
1845.0,15.6
1845.5,15.6
1846.0,15.6
1846.5,15.6
1847.0,15.6
1847.5,15.6
1848.0,15.6
1848.5,15.6
1849.0,15.6
1849.5,15.6
1850.0,15.6
1850.5,15.6
1851.0,15.6
1851.5,15.6
1852.0,15.6
1852.5,15.6
1853.0,15.6
1853.5,15.5
1854.0,15.6
1854.5,15.5
1855.0,15.6
1855.5,15.5
1856.0,15.5
1856.5,15.5
1857.0,15.5
1857.5,15.5
1858.0,15.5
1858.5,15.5
1859.0,15.5
1859.5,15.5
1860.0,15.5
1860.5,15.5
1861.0,15.5
1861.5,15.5
1862.0,15.5
1862.5,15.5
1863.0,15.5
1863.5,15.5
1864.0,15.5
1864.5,15.5
1865.0,15.5
1865.5,15.5
1866.0,15.5
1866.5,15.5
1867.0,15.5
1867.5,15.5
1868.0,15.5
1868.5,15.4
1869.0,15.4
1869.5,15.5
1870.0,15.5
1870.5,15.5
1871.0,15.4
1871.5,15.4
1872.0,15.4
1872.5,15.4
1873.0,15.4
1873.5,15.4
1874.0,15.4
1874.5,15.4
1875.0,15.4
1875.5,15.4
1876.0,15.4
1876.5,15.4
1877.0,15.4
1877.5,15.4
1878.0,15.4
1878.5,15.4
1879.0,15.4
1879.5,15.4
1880.0,15.4
1880.5,15.4
1881.0,15.4
1881.5,15.4
1882.0,15.4
1882.5,15.4
1883.0,15.4
1883.5,15.4
1884.0,15.4
1884.5,15.4
1885.0,15.4
1885.5,15.4
1886.0,15.4
1886.5,15.4
1887.0,15.4
1887.5,15.4
1888.0,15.3
1888.5,15.4
1889.0,15.4
1889.5,15.4
1890.0,15.4
1890.5,15.4
1891.0,15.3
1891.5,15.4
1892.0,15.4
1892.5,15.4
1893.0,15.4
1893.5,15.4
1894.0,15.3
1894.5,15.3
1895.0,15.3
1895.5,15.4
1896.0,15.3
1896.5,15.3
1897.0,15.3
1897.5,15.3
1898.0,15.3
1898.5,15.3
1899.0,15.4
1899.5,15.3
1900.0,15.3
1900.5,15.3
1901.0,15.4
1901.5,15.4
1902.0,15.4
1902.5,15.4
1903.0,15.4
1903.5,15.3
1904.0,15.4
1904.5,15.4
1905.0,15.4
1905.5,15.4
1906.0,15.4
1906.5,15.4
1907.0,15.4
1907.5,15.4
1908.0,15.4
1908.5,15.4
1909.0,15.4
1909.5,15.4
1910.0,15.4
1910.5,15.4
1911.0,15.4
1911.5,15.4
1912.0,15.4
1912.5,15.4
1913.0,15.4
1913.5,15.4
1914.0,15.4
1914.5,15.4
1915.0,15.4
1915.5,15.4
1916.0,15.4
1916.5,15.4
1917.0,15.4
1917.5,15.4
1918.0,15.4
1918.5,15.4
1919.0,15.4
1919.5,15.4
1920.0,15.4
1920.5,15.4
1921.0,15.4
1921.5,15.4
1922.0,15.4
1922.5,15.4
1923.0,15.4
1923.5,15.4
1924.0,15.4
1924.5,15.4
1925.0,15.4
1925.5,15.4
1926.0,15.4
1926.5,15.4
1927.0,15.3
1927.5,15.3
1928.0,15.4
1928.5,15.4
1929.0,15.4
1929.5,15.4
1930.0,15.4
1930.5,15.4
1931.0,15.3
1931.5,15.3
1932.0,15.4
1932.5,15.4
1933.0,15.4
1933.5,15.4
1934.0,15.4
1934.5,15.4
1935.0,15.4
1935.5,15.4
1936.0,15.4
1936.5,15.4
1937.0,15.4
1937.5,15.4
1938.0,15.4
1938.5,15.4
1939.0,15.4
1939.5,15.4
1940.0,15.4
1940.5,15.4
1941.0,15.4
1941.5,15.4
1942.0,15.4
1942.5,15.4
1943.0,15.5
1943.5,15.4
1944.0,15.5
1944.5,15.5
1945.0,15.5
1945.5,15.5
1946.0,15.5
1946.5,15.5
1947.0,15.5
1947.5,15.5
1948.0,15.5
1948.5,15.5
1949.0,15.5
1949.5,15.5
1950.0,15.5
1950.5,15.5
1951.0,15.5
1951.5,15.5
1952.0,15.5
1952.5,15.5
1953.0,15.5
1953.5,15.5
1954.0,15.5
1954.5,15.5
1955.0,15.5
1955.5,15.5
1956.0,15.5
1956.5,15.5
1957.0,15.5
1957.5,15.5
1958.0,15.5
1958.5,15.5
1959.0,15.5
1959.5,15.4
1960.0,15.5
1960.5,15.5
1961.0,15.4
1961.5,15.4
1962.0,15.4
1962.5,15.4
1963.0,15.4
1963.5,15.4
1964.0,15.4
1964.5,15.4
1965.0,15.4
1965.5,15.4
1966.0,15.4
1966.5,15.4
1967.0,15.4
1967.5,15.4
1968.0,15.4
1968.5,15.4
1969.0,15.4
1969.5,15.3
1970.0,15.3
1970.5,15.3
1971.0,15.3
1971.5,15.3
1972.0,15.3
1972.5,15.3
1973.0,15.3
1973.5,15.3
1974.0,15.3
1974.5,15.3
1975.0,15.3
1975.5,15.3
1976.0,15.3
1976.5,15.3
1977.0,15.3
1977.5,15.3
1978.0,15.2
1978.5,15.2
1979.0,15.2
1979.5,15.2
1980.0,15.2
1980.5,15.2
1981.0,15.2
1981.5,15.2
1982.0,15.2
1982.5,15.2
1983.0,15.2
1983.5,15.2
1984.0,15.2
1984.5,15.2
1985.0,15.2
1985.5,15.2
1986.0,15.2
1986.5,15.2
1987.0,15.2
1987.5,15.2
1988.0,15.2
1988.5,15.2
1989.0,15.2
1989.5,15.2
1990.0,15.2
1990.5,15.2
1991.0,15.2
1991.5,15.1
1992.0,15.2
1992.5,15.2
1993.0,15.2
1993.5,15.1
1994.0,15.1
1994.5,15.1
1995.0,15.1
1995.5,15.1
1996.0,15.1
1996.5,15.1
1997.0,15.1
1997.5,15.1
1998.0,15.1
1998.5,15.1
1999.0,15.1
1999.5,15.1
2000.0,15.1
2000.5,15.1
2001.0,15.1
2001.5,15.1
2002.0,15.1
2002.5,15.1
2003.0,15.1
2003.5,15.1
2004.0,15
2004.5,15.1
2005.0,15.1
2005.5,15
2006.0,15.1
2006.5,15
2007.0,15
2007.5,15
2008.0,15.1
2008.5,15
2009.0,15
2009.5,15
2010.0,15
2010.5,15
2011.0,15
2011.5,15
2012.0,15
2012.5,15
2013.0,15
2013.5,15
2014.0,15
2014.5,15
2015.0,15
2015.5,15
2016.0,15
2016.5,15
2017.0,15
2017.5,14.9
2018.0,14.9
2018.5,14.9
2019.0,14.9
2019.5,14.9
2020.0,14.9
2020.5,14.9
2021.0,14.9
2021.5,14.9
2022.0,14.9
2022.5,14.9
2023.0,14.9
2023.5,14.9
2024.0,14.9
2024.5,14.9
2025.0,14.9
2025.5,14.9
2026.0,14.9
2026.5,14.9
2027.0,14.9
2027.5,14.9
2028.0,14.9
2028.5,14.8
2029.0,14.9
2029.5,14.9
2030.0,14.8
2030.5,14.8
2031.0,14.8
2031.5,14.8
2032.0,14.8
2032.5,14.8
2033.0,14.8
2033.5,14.8
2034.0,14.8
2034.5,14.8
2035.0,14.8
2035.5,14.8
2036.0,14.8
2036.5,14.8
2037.0,14.8
2037.5,14.8
2038.0,14.8
2038.5,14.8
2039.0,14.8
2039.5,14.8
2040.0,14.8
2040.5,14.8
2041.0,14.8
2041.5,14.8
2042.0,14.7
2042.5,14.8
2043.0,14.8
2043.5,14.7
2044.0,14.7
2044.5,14.7
2045.0,14.7
2045.5,14.7
2046.0,14.7
2046.5,14.7
2047.0,14.7
2047.5,14.7
2048.0,14.7
2048.5,14.8
2049.0,14.7
2049.5,14.7
2050.0,14.7
2050.5,14.7
2051.0,14.7
2051.5,14.7
2052.0,14.7
2052.5,14.7
2053.0,14.7
2053.5,14.7
2054.0,14.7
2054.5,14.7
2055.0,14.7
2055.5,14.7
2056.0,14.7
2056.5,14.7
2057.0,14.7
2057.5,14.6
2058.0,14.7
2058.5,14.6
2059.0,14.6
2059.5,14.6
2060.0,14.6
2060.5,14.6
2061.0,14.6
2061.5,14.6
2062.0,14.6
2062.5,14.6
2063.0,14.6
2063.5,14.6
2064.0,14.6
2064.5,14.6
2065.0,14.6
2065.5,14.6
2066.0,14.6
2066.5,14.6
2067.0,14.6
2067.5,14.6
2068.0,14.6
2068.5,14.6
2069.0,14.6
2069.5,14.6
2070.0,14.6
2070.5,14.6
2071.0,14.6
2071.5,14.6
2072.0,14.6
2072.5,14.6
2073.0,14.6
2073.5,14.6
2074.0,14.6
2074.5,14.6
2075.0,14.6
2075.5,14.6
2076.0,14.6
2076.5,14.5
2077.0,14.5
2077.5,14.5
2078.0,14.5
2078.5,14.5
2079.0,14.5
2079.5,14.5
2080.0,14.5
2080.5,14.5
2081.0,14.5
2081.5,14.5
2082.0,14.5
2082.5,14.5
2083.0,14.5
2083.5,14.5
2084.0,14.5
2084.5,14.5
2085.0,14.5
2085.5,14.5
2086.0,14.5
2086.5,14.5
2087.0,14.5
2087.5,14.5
2088.0,14.5
2088.5,14.5
2089.0,14.5
2089.5,14.5
2090.0,14.5
2090.5,14.5
2091.0,14.5
2091.5,14.5
2092.0,14.5
2092.5,14.5
2093.0,14.5
2093.5,14.5
2094.0,14.4
2094.5,14.5
2095.0,14.5
2095.5,14.5
2096.0,14.4
2096.5,14.4
2097.0,14.4
2097.5,14.4
2098.0,14.4
2098.5,14.4
2099.0,14.4
2099.5,14.4
2100.0,14.4
2100.5,14.4
2101.0,14.4
2101.5,14.4
2102.0,14.4
2102.5,14.4
2103.0,14.4
2103.5,14.4
2104.0,14.4
2104.5,14.4
2105.0,14.4
2105.5,14.4
2106.0,14.4
2106.5,14.4
2107.0,14.4
2107.5,14.4
2108.0,14.4
2108.5,14.4
2109.0,14.4
2109.5,14.4
2110.0,14.4
2110.5,14.4
2111.0,14.4
2111.5,14.4
2112.0,14.4
2112.5,14.4
2113.0,14.4
2113.5,14.4
2114.0,14.4
2114.5,14.4
2115.0,14.4
2115.5,14.4
2116.0,14.4
2116.5,14.4
2117.0,14.4
2117.5,14.4
2118.0,14.4
2118.5,14.4
2119.0,14.4
2119.5,14.4
2120.0,14.4
2120.5,14.4
2121.0,14.4
2121.5,14.4
2122.0,14.4
2122.5,14.3
2123.0,14.3
2123.5,14.3
2124.0,14.4
2124.5,14.4
2125.0,14.3
